peptide,Num_Alleles_IEDB,Min_IC50_IEDB,Avg_IC50_IEDB,Min_Rank,Avg_Rank,Num_Alleles_TepiTool,Min_Percentile,Avg_Percentile,Min_IC50_TepiTool,Avg_IC50_TepiTool,Consensus_Score
ILIRDKRFHYDRNNI,1,35.1,35.1,0.52,0.52,1,0.52,0.52,35.1,35.1,0.52
IAFGFNEPNGNLQYQ,1,92.58,92.58,2.2,2.2,1,2.2,2.2,92.58,92.58,2.2
EVEGYTVDVKNKRTF,1,114.39,114.39,2.8,2.8,1,2.8,2.8,114.39,114.39,2.8
DNHVTMWVDDQEVIN,4,170.17,395.085,0.88,2.845,4,0.88,2.845,170.17,395.085,2.845
ADNHVTMWVDDQEVI,4,187.35,388.16,0.84,3.035,4,0.84,3.035,187.35,388.16,3.035
DIGGSVSAGFSNSNS,1,54.79,54.79,3.1,3.1,1,3.1,3.1,54.79,54.79,3.1
TKQLRLDTDQVYGNI,5,20.11,167.346,0.28,5.684,3,0.28,1.806666667,20.11,140.0166667,3.7453333335
IGGSVSAGFSNSNSS,1,64.37,64.37,3.8,3.8,1,3.8,3.8,64.37,64.37,3.8
LEVEGYTVDVKNKRT,1,163.97,163.97,3.8,3.8,1,3.8,3.8,163.97,163.97,3.8
KKRKVLIPLMALSTI,19,7.01,114.2736842,0.06,4.992631579,13,0.21,3.138461538,7.01,95.82615385,4.0655465585
TMNYNQFLELEKTKQ,7,30.5,185.2571429,0.55,6.475714286,4,0.85,1.695,34.65,165.885,4.0853571429999995
NFENGRVRVDTGSNW,1,194.32,194.32,4.2,4.2,1,4.2,4.2,194.32,194.32,4.2
NHVTMWVDDQEVINK,5,121.52,422.802,0.71,4.202,5,0.71,4.202,121.52,422.802,4.202
NGRVRVDTGSNWSEV,2,115.72,202.855,2.6,4.4,2,2.6,4.4,115.72,202.855,4.4
SADNHVTMWVDDQEV,3,300.89,579.6066667,2.1,4.566666667,3,2.1,4.566666667,300.89,579.6066667,4.566666667
KRKVLIPLMALSTIL,19,6.49,138.6415789,0.33,5.724736842,13,0.55,3.549230769,6.49,113.6423077,4.6369838055
SLEVEGYTVDVKNKR,1,197.39,197.39,4.7,4.7,1,4.7,4.7,197.39,197.39,4.7
GGSVSAGFSNSNSST,1,77.35,77.35,4.7,4.7,1,4.7,4.7,77.35,77.35,4.7
LEKTKQLRLDTDQVY,4,25.99,211.2425,0.54,7.21,3,0.54,2.28,25.99,154.3133333,4.745
HVTMWVDDQEVINKA,5,111.97,466.618,0.95,4.79,5,0.95,4.79,111.97,466.618,4.79
KQLRLDTDQVYGNIA,5,22.74,202.316,0.33,7.096,3,0.33,2.493333333,22.74,171.81,4.7946666664999995
RVRVDTGSNWSEVLP,1,224.55,224.55,4.8,4.8,1,4.8,4.8,224.55,224.55,4.8
NIRYVNTGTAPIYNV,16,15.11,207.19875,0.77,6.398125,11,0.77,3.233636364,15.11,109.2427273,4.815880682
YDRNNIAVGADESVV,2,410.45,668.23,4.1,4.85,2,4.1,4.85,410.45,668.23,4.85
NSNSSTVAIDHSLSL,4,32.04,148.21,0.71,6.2775,3,0.71,3.703333333,32.04,129.48,4.9904166665
AFGFNEPNGNLQYQG,1,258.73,258.73,5,5,1,5,5,258.73,258.73,5
MKKRKVLIPLMALST,19,13.24,133.0436842,0.05,6.155789474,12,0.21,3.950833333,13.24,109.2225,5.0533114034999995
TMWVDDQEVINKASN,1,245.39,245.39,5.1,5.1,1,5.1,5.1,245.39,245.39,5.1
SQGLLGYYFSDLNFQ,7,86.42,185.4785714,0.34,6.877142857,4,0.34,3.36,86.42,149.5575,5.1185714285
SSQGLLGYYFSDLNF,6,97.72,183.4933333,0.47,5.978333333,4,0.47,4.4925,97.72,186.8625,5.2354166665
GRVRVDTGSNWSEVL,2,133.57,246.075,2.9,5.25,2,2.9,5.25,133.57,246.075,5.25
LIRDKRFHYDRNNIA,7,19.83,88.46,0.19,7.618571429,6,0.19,2.888333333,19.83,74.255,5.253452381
IRYVNTGTAPIYNVL,15,13.52,239.1673333,0.55,6.77,11,0.55,3.768181818,13.52,123.6763636,5.269090909
KTKQLRLDTDQVYGN,5,26.6,224.946,0.51,8.232,3,0.51,2.386666667,26.6,166.6366667,5.3093333335
RFHYDRNNIAVGADE,9,10.38,144.7233333,0.01,9.417777778,6,0.01,1.793333333,10.38,57.21,5.6055555555
QYFQSAIWSGFIKVK,17,21.18,211.4135294,0.38,8.49,7,0.38,2.765714286,21.18,98.47571429,5.627857143
NANIRYVNTGTAPIY,14,15.49,122.3021429,0.82,7.415714286,10,0.82,3.982,15.49,76.196,5.698857143
TPITMNYNQFLELEK,17,13.2,233.8252941,0.16,9.701764706,8,0.19,1.72125,17.61,146.75875,5.711507353
TAPIYNVLPTTSLVL,17,5.44,229.4964706,0.33,7.305294118,11,0.33,4.126363636,5.44,119.9472727,5.715828877
EKTKQLRLDTDQVYG,5,24.37,244.66,0.48,9.038,3,0.48,2.396666667,24.37,168.1,5.7173333335
PITMNYNQFLELEKT,12,13.77,206.5033333,0.19,9.136666667,8,0.19,2.30625,17.4,185.06125,5.7214583335
VTMWVDDQEVINKAS,4,133.14,376.1375,2.9,5.725,4,2.9,5.725,133.14,376.1375,5.725
ANIRYVNTGTAPIYN,15,18.7,131.5393333,1.2,7.34,11,1.2,4.190909091,18.7,88.38181818,5.7654545455
GLLGYYFSDLNFQAP,14,18.01,209.0214286,0.15,7.955,10,0.15,3.867,18.01,207.032,5.911
ITMNYNQFLELEKTK,9,14.7,225.7766667,0.21,8.497777778,7,0.22,3.324285714,18.82,232.2671429,5.911031746
VTGRIDKNVSPEARH,2,106.51,189.095,2.3,9.65,1,2.3,2.3,106.51,106.51,5.975
PIYNVLPTTSLVLGK,17,6.12,244.2052941,0.19,7.851764706,10,0.19,4.128,6.12,158.383,5.9898823530000005
RIDKNVSPEARHPLV,1,344.94,344.94,6.1,6.1,1,6.1,6.1,344.94,344.94,6.1
KRFHYDRNNIAVGAD,15,7.57,155.1853333,0.01,10.02666667,8,0.01,2.175,7.57,54.51125,6.100833334999999
APIYNVLPTTSLVLG,16,5.65,233.955,0.29,7.6325,11,0.29,4.574545455,5.65,138.7409091,6.1035227275
LRLDTDQVYGNIATY,2,263.89,290.725,5.5,6.15,2,5.5,6.15,263.89,290.725,6.15
NQYFQSAIWSGFIKV,18,25.94,213.8155556,0.47,8.567222222,8,0.53,3.7425,25.94,118.54375,6.154861111
KIRLEKGRLYQIKIQ,15,35.95,207.7266667,0.64,8.742666667,7,0.64,3.591428571,46.65,156.6557143,6.167047619
ENGRVRVDTGSNWSE,2,163.6,295.24,3.4,6.2,2,3.4,6.2,163.6,295.24,6.2
RKVLIPLMALSTILV,19,6.6,199.6036842,0.72,7.369473684,14,0.72,5.13,6.6,153.4178571,6.249736842
YFQSAIWSGFIKVKK,15,19.1,189.7773333,0.34,8.228,8,0.34,4.27875,19.1,103.9975,6.253375
STPITMNYNQFLELE,17,16.52,221.1152941,0.25,8.710588235,11,0.27,3.802727273,16.52,203.1209091,6.256657754
TGRIDKNVSPEARHP,2,112.26,201.4,2.4,10.2,1,2.4,2.4,112.26,112.26,6.3
SSTPITMNYNQFLEL,17,14.85,231.6476471,0.36,8.778235294,11,0.52,3.988181818,14.85,220.4409091,6.383208556
IRDKRFHYDRNNIAV,13,9.62,203.9507692,0.01,11.92230769,6,0.01,1.165,9.62,38.655,6.543653845
FENGRVRVDTGSNWS,2,147.58,315.025,3.1,6.55,2,3.1,6.55,147.58,315.025,6.55
LNTADTARLNANIRY,2,76.38,274.76,5.4,6.55,2,5.4,6.55,76.38,274.76,6.55
DKRFHYDRNNIAVGA,15,8.98,170.1913333,0.01,10.88466667,8,0.01,2.40875,8.98,58.54875,6.646708335
ENQYFQSAIWSGFIK,17,46.45,242.8517647,1.1,8.241176471,10,1.5,5.09,46.45,168.586,6.6655882355
NKIRLEKGRLYQIKI,17,25.16,221.3641176,0.4,8.670588235,11,0.4,4.672727273,25.16,151.4072727,6.671657754
SGFIKVKKSDEYTFA,1,111.16,111.16,6.7,6.7,1,6.7,6.7,111.16,111.16,6.7
QLRLDTDQVYGNIAT,4,44.92,264.0875,1.1,12.325,2,1.1,1.15,44.92,49.63,6.7375
NSNKIRLEKGRLYQI,14,26.46,205.1242857,0.36,8.911428571,10,0.36,4.576,26.46,167.755,6.743714285499999
SNKIRLEKGRLYQIK,18,22.34,244.5938889,0.36,8.77,12,0.36,4.738333333,22.34,180.4783333,6.7541666665
LSTILVSSTGNLEVI,9,25.31,161.33,1.4,8.611111111,6,1.4,4.916666667,25.31,124.9483333,6.763888889
STILVSSTGNLEVIQ,8,29.3,134.44125,1.7,8.625,6,1.7,5,29.3,122.6866667,6.8125
LLGYYFSDLNFQAPM,16,15.22,266.84875,0.08,9.483125,11,0.08,4.275454545,15.22,258.7127273,6.8792897725
KIKLNAKMNILIRDK,16,11.4,279.12625,0.24,9.27125,9,0.24,4.493333333,11.4,195.9788889,6.8822916665000005
SNSNKIRLEKGRLYQ,11,40.21,175.0636364,0.66,9.678181818,7,0.66,4.208571429,50.14,139.6114286,6.943376623500001
VNTGTAPIYNVLPTT,2,181.36,189.24,5.6,8.3,1,5.6,5.6,197.12,197.12,6.95
GYYFSDLNFQAPMVV,19,17.06,220.0331579,0.12,9.546315789,11,0.12,4.443636364,17.06,206.7945455,6.9949760764999995
FQSAIWSGFIKVKKS,15,21.82,222.9326667,0.4,10.11333333,7,0.4,3.885714286,21.82,121.0628571,6.999523807999999
NIAVGADESVVKEAH,1,328.37,328.37,7,7,1,7,7,328.37,328.37,7
RYVNTGTAPIYNVLP,11,21.52,155.1409091,1.1,9.127272727,8,1.1,4.925,21.52,117.17625,7.026136363499999
LGYYFSDLNFQAPMV,16,14.96,232.254375,0.08,10.13125,10,0.08,3.94,14.96,207.368,7.035625
YYFSDLNFQAPMVVT,16,37.72,211.2425,0.74,8.85875,9,0.74,5.304444444,37.72,224.0677778,7.081597222
LDKIKLNAKMNILIR,16,9.21,269.3125,0.14,9.815,9,0.14,4.348888889,9.21,179.1822222,7.0819444444999995
QGLLGYYFSDLNFQA,12,47.7,203.1141667,0.32,10.00166667,9,0.32,4.291111111,47.7,169.3055556,7.146388890500001
RDKRFHYDRNNIAVG,14,9.77,202.9907143,0.01,11.97357143,7,0.01,2.375714286,9.77,37.14857143,7.174642858
IYNVLPTTSLVLGKN,17,8.47,261.0941176,0.21,9.83,9,0.21,4.645555556,8.47,126.8255556,7.237777778
RHPLVAAYPIVHVDM,19,24.69,244.1436842,1.8,7.952631579,14,1.8,6.585714286,24.69,201.8692857,7.2691729325
FSNSNSSTVAIDHSL,3,183.14,522.3633333,5.1,8.833333333,2,5.1,5.75,183.14,649.715,7.2916666665
KVTGRIDKNVSPEAR,2,149.67,243.315,3.1,11.55,1,3.1,3.1,149.67,149.67,7.325
GTAPIYNVLPTTSLV,13,6.96,184.5615385,0.87,10.18230769,7,0.87,4.481428571,6.96,126.5,7.3318681305
GKDITEFDFNFDQQT,2,515.6,615.66,7,7.35,2,7,7.35,515.6,615.66,7.35
TTSLVLGKNQTLATI,13,11.83,199.6376923,1.3,11.11538462,7,1.3,3.785714286,11.83,68.34428571,7.450549453000001
VLPQIQETTARIIFN,10,14.32,282.925,0.64,11.244,4,0.64,3.835,14.32,97.325,7.5395
MNILIRDKRFHYDRN,5,25.25,213.682,0.26,9.532,3,0.26,5.553333333,25.25,184.7333333,7.542666666500001
TSADNHVTMWVDDQE,2,646.76,985.43,6,7.55,2,6,7.55,646.76,985.43,7.55
TRTISKNTSTSRTHT,2,217.23,253.255,5.4,9.7,1,5.4,5.4,289.28,289.28,7.55
LPQIQETTARIIFNG,9,18.93,289.7055556,1.2,10.96666667,4,1.2,4.15,18.93,91.5425,7.558333335
KRTFLSPWISNIHEK,16,66.15,268.18,2.4,10.48125,6,2.4,4.75,72.73,239.1266667,7.615625
GYTVDVKNKRTFLSP,3,103.23,272.8533333,2.6,10.53333333,2,2.6,4.8,103.23,174.245,7.666666664999999
KDITEFDFNFDQQTS,2,580.07,616.745,6.1,7.7,2,6.1,7.7,580.07,616.745,7.7
TSLVLGKNQTLATIK,11,15.39,178.4172727,1.8,9.727272727,8,1.8,5.875,15.39,113.0925,7.8011363635
LNANIRYVNTGTAPI,13,20.33,196.0915385,1.3,11.42307692,7,1.3,4.214285714,20.33,126.9357143,7.818681316999999
NKRTFLSPWISNIHE,14,70.46,233.7271429,2.5,10.95,5,3.1,4.78,85.54,141.628,7.865
DITEFDFNFDQQTSQ,3,332.47,573.9933333,6.5,7.866666667,3,6.5,7.866666667,332.47,573.9933333,7.866666667
ARHPLVAAYPIVHVD,16,31.28,239.281875,3.2,9.28125,9,3.2,6.455555556,31.28,157.2177778,7.868402778
DKIKLNAKMNILIRD,15,10.55,297.7066667,0.24,10.60933333,9,0.24,5.16,10.55,212.4566667,7.884666665
HYDRNNIAVGADESV,3,542,746.6766667,5.7,7.9,3,5.7,7.9,542,746.6766667,7.9
EARHPLVAAYPIVHV,16,33.17,236.79125,2.4,9.35,9,2.4,6.566666667,47.82,175.4755556,7.9583333335
RLDTDQVYGNIATYN,1,504.15,504.15,8,8,1,8,8,504.15,504.15,8
TVAIDHSLSLAGERT,8,56.98,190.325,1.3,12.2875,3,1.3,3.766666667,56.98,102.26,8.0270833335
KMNILIRDKRFHYDR,8,22.37,227.52875,0.2,10.5625,5,0.2,5.5,22.37,194.996,8.03125
KNKRTFLSPWISNIH,16,58.49,261.848125,1.5,10.55625,7,3.4,5.642857143,90.01,224.69,8.0995535715
QTRTISKNTSTSRTH,2,230.78,275.06,5.8,10.4,1,5.8,5.8,319.34,319.34,8.1
NLAPIALNAQDDFSS,1,1259.99,1259.99,8.1,8.1,1,8.1,8.1,1259.99,1259.99,8.1
ALSTILVSSTGNLEV,9,33.76,211.8222222,2.1,10.75555556,5,2.1,5.56,33.76,164.352,8.15777778
NILIRDKRFHYDRNN,4,30.63,310.905,0.39,11.9475,2,0.39,4.395,30.63,264.07,8.17125
KVLIPLMALSTILVS,17,11.15,318.6047059,2.4,11.39411765,6,2.4,4.966666667,11.15,145.875,8.1803921585
AYPIVHVDMENIILS,12,58.9,262.3558333,1.4,11.06666667,8,1.4,5.3375,58.9,252.355,8.202083335000001
GKDLNLVERRIAAVN,9,17.79,214.73,0.61,14.223333330000001,3,0.61,2.336666667,17.79,78.85666667,8.279999998500001
SNSSTVAIDHSLSLA,6,23.77,190.8483333,0.47,13.855,3,0.47,2.71,23.77,54.48333333,8.2825
EVLPQIQETTARIIF,9,12.43,300.81,0.42,14.21333333,3,0.42,2.406666667,12.43,41.06333333,8.3099999985
EGYTVDVKNKRTFLS,3,99.09,340.1033333,2.5,14.16666667,1,2.5,2.5,99.09,99.09,8.333333334999999
YPIVHVDMENIILSK,13,46.53,296.7284615,1.1,11.6,7,1.1,5.1,46.53,274.9528571,8.35
VDTGSNWSEVLPQIQ,1,1275.27,1275.27,8.4,8.4,1,8.4,8.4,1275.27,1275.27,8.4
YTVDVKNKRTFLSPW,3,161.5,320.2033333,3.8,10.73333333,2,3.8,6.1,161.5,282.65,8.416666665000001
GRIDKNVSPEARHPL,2,172.08,289.845,3.6,13.3,1,3.6,3.6,172.08,172.08,8.450000000000001
EKKGLTKYKSSPEKW,1,124.42,124.42,8.5,8.5,1,8.5,8.5,124.42,124.42,8.5
NGKDLNLVERRIAAV,9,16.44,218.69,0.49,14.75444444,3,0.49,2.263333333,16.44,77.58,8.5088888865
HPLVAAYPIVHVDME,15,43.26,287.4593333,2.7,10.99333333,6,2.7,6.033333333,52.09,167.0766667,8.5133333315
DRNNIAVGADESVVK,3,447.1,641.5866667,5.2,11.23333333,2,5.2,5.85,455.45,738.83,8.541666665000001
SEVLPQIQETTARII,5,16.36,140.506,0.91,13.042,3,0.91,4.07,16.36,61.61333333,8.556000000000001
EFDFNFDQQTSQNIK,4,48.22,199.465,3.7,13.425,1,3.7,3.7,176.09,176.09,8.5625
LPELKQKSSNSRKKR,1,108.46,108.46,8.6,8.6,1,8.6,8.6,108.46,108.46,8.6
SENQYFQSAIWSGFI,15,66.66,255.6973333,1.8,11.54,6,3.1,5.716666667,68.43,247.9266667,8.628333333499999
VLDKIKLNAKMNILI,12,10.81,201.7775,0.24,12.17,6,0.24,5.34,10.81,173.455,8.754999999999999
YNVLPTTSLVLGKNQ,11,10.93,299.7827273,0.3,11.91818182,5,0.3,5.62,10.93,69.156,8.76909091
NNIAVGADESVVKEA,3,365.2,771.3466667,7.7,8.8,3,7.7,8.8,365.2,771.3466667,8.8
AAYPIVHVDMENIIL,12,67.48,279.3891667,1.6,11.93333333,8,1.6,5.7125,67.48,260.64,8.822916665000001
PQIQETTARIIFNGK,7,27.73,171.1285714,2,12.01428571,4,2,5.775,27.73,110.08,8.894642855
STVAIDHSLSLAGER,8,33.92,171.82375,0.76,13.2675,4,0.76,4.535,33.92,93.7125,8.901250000000001
IKLNAKMNILIRDKR,12,26.02,257.37,1.4,11.50833333,7,1.4,6.3,26.02,285.0714286,8.904166665
EVISSDNLQLPELKQ,3,225.43,349.3566667,7.5,10.2,2,7.5,7.8,352.18,411.32,9
DEYTFATSADNHVTM,10,70.42,330.573,5.1,10.71,6,5.1,7.35,111.4,430.655,9.030000000000001
SDEYTFATSADNHVT,8,63.9,279.36875,4.1,11.8625,4,4.1,6.225,109.28,333.845,9.04375
KDLNLVERRIAAVNP,8,17.6,194.4025,0.58,15.2975,3,0.58,2.793333333,17.6,87.93333333,9.0454166665
MNYNQFLELEKTKQL,9,59.86,290.39,3.4,12.66666667,5,3.4,5.44,59.86,270.248,9.053333335
FDFNFDQQTSQNIKN,4,33.89,222.265,4.9,13.225,1,4.9,4.9,228.62,228.62,9.0625
VEGYTVDVKNKRTFL,3,81.65,373.4333333,2.1,12.46666667,2,2.1,5.7,81.65,318.915,9.083333335
KGLDFKLYWTDSQNK,5,270.49,321.234,3.5,14.7,1,3.5,3.5,425.5,425.5,9.1
PTTSLVLGKNQTLAT,13,14.25,251.9515385,2.3,13.64615385,6,2.3,4.566666667,14.25,79.86666667,9.106410258499999
TILVSSTGNLEVIQA,8,45.58,204.9475,3.1,12.1,5,3.1,6.16,45.58,169.246,9.129999999999999
KKEVISSDNLQLPEL,11,44.25,258.6809091,3,11.56363636,6,3,6.7,44.25,289.865,9.13181818
LPTTSLVLGKNQTLA,10,18.51,220.19,3.4,12.83,6,3.4,5.55,18.51,113.2716667,9.19
RNNIAVGADESVVKE,3,466.16,683.6533333,6.2,11.76666667,2,6.2,6.65,485.02,792.4,9.208333334999999
LNVTNIYTVLDKIKL,15,59.68,279.132,1.4,13.51333333,6,1.4,5.033333333,59.68,222.3383333,9.2733333315
SFFDIGGSVSAGFSN,7,25.4,186.9457143,0.84,11.93428571,4,0.84,6.635,25.4,117.9975,9.284642855
HASFFDIGGSVSAGF,7,21.14,185.99,1.7,12.02857143,4,1.7,6.55,21.14,94.38,9.289285715
VHASFFDIGGSVSAG,5,36.27,189.124,4.5,14.1,1,4.5,4.5,74.8,74.8,9.3
QEVINKASNSNKIRL,6,67.24,165.665,5.5,12.55,4,5.5,6.075,67.24,153.355,9.3125
SQTRTISKNTSTSRT,2,268.81,335.945,6.8,11.9,1,6.8,6.8,403.08,403.08,9.35
ASFFDIGGSVSAGFS,9,20.3,232.3022222,0.9,13.14444444,4,0.9,5.575,20.3,83.96,9.35972222
NVLPTTSLVLGKNQT,6,19.07,206.6716667,1.2,17.53333333,1,1.2,1.2,19.07,19.07,9.366666665
IAVGADESVVKEAHR,1,451.7,451.7,9.4,9.4,1,9.4,9.4,451.7,451.7,9.4
TVLDKIKLNAKMNIL,10,15.98,252.525,0.64,15.724,3,0.64,3.08,15.98,136.23,9.402000000000001
KSDEYTFATSADNHV,8,83.19,300.21625,3.2,11.3125,5,3.2,7.5,119.61,376.784,9.40625
PSENQYFQSAIWSGF,11,86.3,224.7536364,2.9,12.69090909,3,5.7,6.233333333,86.3,181.2233333,9.4621212115
SSTVAIDHSLSLAGE,8,29,186.67625,0.6,14.57125,4,0.6,4.3925,29,91.1625,9.481874999999999
VSAGFSNSNSSTVAI,8,46.44,209.455,3.9,14.925,3,3.9,4.133333333,46.44,108.6666667,9.5291666665
IPLMALSTILVSSTG,13,22.33,242.8546154,1.8,12.39230769,6,1.8,6.683333333,22.33,195.6433333,9.537820511500001
LIPLMALSTILVSST,13,21.83,261.8769231,2.6,13.02307692,5,2.6,6.06,21.83,172.254,9.54153846
ASNSNKIRLEKGRLY,11,79.3,226.3654545,0.68,12.60727273,7,0.68,6.525714286,79.71,190.48,9.566493508
QSAIWSGFIKVKKSD,13,39.69,258.7007692,1.1,14.88461538,5,1.1,4.3,39.69,189.994,9.59230769
PIVHVDMENIILSKN,8,74.92,256.125,1.8,12.625,5,1.8,6.6,74.92,257.758,9.6125
SQNIKNQLAELNVTN,4,102.33,210.735,5.1,14.075,2,5.1,5.15,129.51,156.245,9.6125
NVTNIYTVLDKIKLN,13,70.34,287.9961538,4.1,13.33076923,6,4.1,5.916666667,70.34,244.7183333,9.6237179485
NAKMNILIRDKRFHY,9,26.75,229.7277778,0.28,14.25333333,5,0.28,5.056,26.75,188.028,9.654666665
EYTFATSADNHVTMW,10,62.09,240.002,4.5,12.64,5,4.5,6.68,97.68,253.264,9.66
FSDLNFQAPMVVTSS,11,26.21,360.3518182,6.9,11.34545455,5,6.9,7.98,26.21,279.128,9.662727275
IIFNGKDLNLVERRI,6,73.61,327.955,2.3,17.05,1,2.3,2.3,73.61,73.61,9.675
NSSTVAIDHSLSLAG,8,25.65,189.33125,0.52,15.04625,4,0.52,4.3425,25.65,90.44,9.694375
FHYDRNNIAVGADES,5,87.63,215.492,2.9,15.54,3,2.9,3.9,87.63,161.2266667,9.719999999999999
ITEFDFNFDQQTSQN,4,295.37,565.115,6,11.475,3,6,7.966666667,295.37,588.38,9.7208333335
FSSTPITMNYNQFLE,8,20.08,324.425,0.9,14.6625,4,0.9,4.825,20.08,354.0725,9.74375
SLVLGKNQTLATIKA,11,28.62,220.8409091,1.8,14,4,1.8,5.5,28.62,65.705,9.75
NNYYPSKNLAPIALN,10,72.64,353.937,2.9,15.51,2,2.9,4.05,78.9,179.76,9.78
YNQFLELEKTKQLRL,14,31.02,292.7771429,1.6,13.15714286,5,1.6,6.44,31.02,269.438,9.79857143
YQGKDITEFDFNFDQ,1,608.11,608.11,9.8,9.8,1,9.8,9.8,608.11,608.11,9.8
QYQGKDITEFDFNFD,1,610.16,610.16,9.8,9.8,1,9.8,9.8,610.16,610.16,9.8
VKNKRTFLSPWISNI,16,69.64,304.856875,1.7,12.13125,7,5.4,7.485714286,117.59,268.3571429,9.808482142999999
TNIYTVLDKIKLNAK,11,43.79,303.1327273,2.4,13.7,5,2.4,5.94,43.79,251.256,9.82
NYNQFLELEKTKQLR,4,42.55,171.21,2.3,13.725,2,2.3,5.95,42.55,178.16,9.8375
VLIPLMALSTILVSS,13,17.01,274.8092308,4,13.26923077,6,4,6.416666667,17.01,165.02,9.8429487185
YTVLDKIKLNAKMNI,9,24.82,253.4177778,1.3,14.06666667,4,1.3,5.65,24.82,205.2325,9.858333335000001
EKVTGRIDKNVSPEA,1,645.44,645.44,9.9,9.9,1,9.9,9.9,645.44,645.44,9.9
NIKNQLAELNVTNIY,5,95.36,202.438,2.3,13.82,2,2.3,6.05,102.54,151.175,9.935
KNQLAELNVTNIYTV,5,64.39,232.964,4.4,13.82,2,4.4,6.05,64.39,163.86,9.935
TGTAPIYNVLPTTSL,11,16.3,272.5254545,3.2,14.1,4,3.2,5.775,16.3,214.785,9.9375
ELKQKSSNSRKKRST,1,124.32,124.32,10,10,1,10,10,124.32,124.32,10
WSGFIKVKKSDEYTF,3,80.33,302.04,4.8,15.26666667,1,4.8,4.8,80.33,80.33,10.033333335
AIWSGFIKVKKSDEY,5,106.43,295.782,6.4,13.68,1,6.4,6.4,106.43,106.43,10.04
QIQETTARIIFNGKD,7,28.36,191.0185714,2,13.48571429,4,2,6.6,28.36,123.8,10.042857145
YFSDLNFQAPMVVTS,15,30.7,288.5133333,5.1,12.54666667,4,5.1,7.55,30.7,292.385,10.048333335
QNIKNQLAELNVTNI,5,102.49,241.43,3.1,15.46,2,3.1,4.65,126.89,136.36,10.055
IVHVDMENIILSKNE,6,133.7,247.5416667,2.9,16.03333333,2,2.9,4.1,133.7,182.595,10.066666665
FFDIGGSVSAGFSNS,6,27.44,183.8783333,0.95,13.94166667,3,0.95,6.216666667,27.44,153.0366667,10.079166668500001
PEARHPLVAAYPIVH,7,76.98,322.5771429,5,15.2,1,5,5,76.98,76.98,10.1
RTISKNTSTSRTHTS,2,306.77,370.57,7.2,13.1,1,7.2,7.2,434.37,434.37,10.15
PLMALSTILVSSTGN,13,26.85,266.8084615,1.6,13.77692308,5,1.6,6.62,26.85,178.204,10.19846154
NIYTVLDKIKLNAKM,9,43.57,302.0922222,2.4,14.02222222,5,2.4,6.44,43.57,289.812,10.23111111
LEKGRLYQIKIQYQR,13,78.73,301.2938462,2.3,13.76153846,4,2.3,6.725,78.73,307.6025,10.24326923
SAIWSGFIKVKKSDE,9,83.16,293.6311111,2.7,13.96666667,3,2.7,6.533333333,83.16,318.1533333,10.2500000015
VLPTTSLVLGKNQTL,6,57.5,156.1183333,5.7,13.73333333,3,5.7,6.8,73.32,89.66333333,10.266666665
RTFLSPWISNIHEKK,15,61.79,274.9333333,3.3,13.7,6,3.3,6.833333333,61.79,252.7,10.266666666499999
LAELNVTNIYTVLDK,6,72.84,238.2783333,3.3,16.4,2,3.3,4.2,72.84,84.17,10.299999999999999
LVLGKNQTLATIKAK,8,72.14,273.12,2.4,16.325,2,2.4,4.3,87.08,97.56,10.3125
SNSNSSTVAIDHSLS,2,227.32,339.675,6.6,14.3,1,6.6,6.6,227.32,227.32,10.45
AKMNILIRDKRFHYD,9,22.74,254.6855556,0.21,15.62333333,5,0.21,5.322,22.74,190.53,10.472666665
VAAYPIVHVDMENII,14,108.85,334.7871429,2.5,15.62857143,6,2.5,5.433333333,108.85,310.9633333,10.5309523815
PLVAAYPIVHVDMEN,10,56.95,249.301,3.1,14.74,4,3.1,6.35,56.95,189.325,10.545
DTGSNWSEVLPQIQE,2,482.45,891.75,8.8,12.4,1,8.8,8.8,1301.05,1301.05,10.600000000000001
TSEVHGNAEVHASFF,2,154.3,290.7,9.5,11.75,1,9.5,9.5,154.3,154.3,10.625
KNLAPIALNAQDDFS,3,368.86,660.82,7.2,14.06666667,1,7.2,7.2,1187.31,1187.31,10.633333335
ATIKAKENQLSQILA,5,163.4,222.854,3.9,17.38,1,3.9,3.9,163.4,163.4,10.639999999999999
VTNIYTVLDKIKLNA,13,54.47,304.8515385,3.1,15.03846154,6,3.1,6.25,54.47,238.2116667,10.64423077
LMALSTILVSSTGNL,9,85.53,251.1766667,4.6,14.51111111,3,4.6,6.866666667,89.59,122.31,10.6888888885
SSSQGLLGYYFSDLN,7,127.6,314.3857143,2.1,16.2,3,2.1,5.2,127.6,260.19,10.7
EKGRLYQIKIQYQRE,12,84.46,309.2158333,2.6,14.88333333,3,2.6,6.533333333,84.46,377.3933333,10.7083333315
ELNVTNIYTVLDKIK,11,59.24,286.3427273,1.3,16.51818182,4,1.3,5.025,59.24,176.3575,10.77159091
SAGFSNSNSSTVAID,7,69.89,240.1714286,5.6,15.37142857,3,5.6,6.2,69.89,159.86,10.785714285000001
DFSSTPITMNYNQFL,8,26.58,323.95875,1.5,17.6125,3,1.5,3.966666667,26.58,201.2366667,10.789583333500001
TTARIIFNGKDLNLV,14,95.68,314.5707143,4.2,15.88571429,4,4.2,5.725,95.68,208.63,10.805357144999999
IWSGFIKVKKSDEYT,3,100.45,211.82,6,15.66666667,1,6,6,100.45,100.45,10.833333334999999
KGRLYQIKIQYQREN,12,75.48,317.5991667,2.1,15.35,3,2.1,6.4,75.48,373.8266667,10.875
GSVSAGFSNSNSSTV,4,81.87,222.1475,4.9,16.975,1,4.9,4.9,81.87,81.87,10.9375
LATIKAKENQLSQIL,9,111.46,244.58,2,16.8,2,2,5.1,111.46,143.89,10.95
DLNLVERRIAAVNPS,9,36.12,330.1644444,1.9,16.55555556,3,1.9,5.366666667,36.12,136.57,10.9611111135
AELNVTNIYTVLDKI,10,71.81,283.007,2,15.83,5,2,6.1,71.81,173.504,10.965
FNGKDLNLVERRIAA,6,22.93,224.755,0.88,17.66333333,3,0.88,4.326666667,22.93,117.34,10.994999998499999
IFNGKDLNLVERRIA,5,64.68,239.864,3.8,17.6,2,3.8,4.5,64.68,107.76,11.05
ARIIFNGKDLNLVER,14,60.82,295.6835714,1.9,15.75,6,1.9,6.383333333,60.82,242.5183333,11.0666666665
EKGLDFKLYWTDSQN,5,382.83,419.374,3.8,18.36,1,3.8,3.8,448.58,448.58,11.08
TARIIFNGKDLNLVE,12,88.25,301.1366667,2.9,15.64166667,5,2.9,6.56,88.25,231.408,11.100833334999999
VDMENIILSKNEDQS,4,189.97,256.1325,8.8,13.45,1,8.8,8.8,189.97,189.97,11.125
LVAAYPIVHVDMENI,14,76.47,385.4971429,2.6,15.85,6,2.6,6.483333333,76.47,450.5733333,11.1666666665
KLYWTDSQNKKEVIS,2,296.18,358.71,7.6,14.8,1,7.6,7.6,421.24,421.24,11.2
TSQNIKNQLAELNVT,4,97.38,243.215,5.2,14.975,2,5.2,7.45,130.01,223.285,11.2125
NQLAELNVTNIYTVL,5,50.34,287.502,3.4,16.84,2,3.4,5.6,50.34,268.175,11.219999999999999
YVNTGTAPIYNVLPT,6,81.43,209.565,1.8,19.11666667,2,1.8,3.35,81.43,83.855,11.233333335000001
SDLNFQAPMVVTSST,9,42.01,265.8211111,5.2,17.35555556,1,5.2,5.2,186.63,186.63,11.27777778
NKKEVISSDNLQLPE,9,69.11,271.5977778,4.9,16.81111111,3,4.9,5.766666667,69.11,220.8433333,11.288888888499999
YYPSKNLAPIALNAQ,6,76.2,346.7716667,1.3,13.18333333,2,9.3,9.4,312.3,460.36,11.291666665000001
KENQLSQILAPNNYY,3,84.09,243.3466667,1.7,20.9,1,1.7,1.7,84.09,84.09,11.299999999999999
PNNYYPSKNLAPIAL,10,70.59,266.495,2.4,16.85,3,2.4,5.833333333,70.59,183.96,11.3416666665
IKNQLAELNVTNIYT,4,117.51,210.2475,3.3,16.9,2,3.3,5.8,117.51,124.825,11.35
KEVISSDNLQLPELK,8,80.1,257.7225,4.1,17.65,3,4.1,5.066666667,80.1,173.4533333,11.3583333335
NYYPSKNLAPIALNA,9,72.58,310.9555556,2,15.88888889,2,5.8,7,179.73,248.56,11.444444445
ESSSQGLLGYYFSDL,6,183.29,400.79,5.3,16.65,2,6.2,6.3,183.29,422.535,11.475
TVDVKNKRTFLSPWI,7,112.73,264.5242857,2.1,20.87142857,1,2.1,2.1,112.73,112.73,11.485714285
QNKKEVISSDNLQLP,9,63.97,281.0077778,4.4,16.66666667,3,4.4,6.333333333,63.97,261.3266667,11.5000000015
KLNAKMNILIRDKRF,11,77.35,297.47,5.4,15.64545455,3,5.4,7.366666667,77.35,292.9633333,11.5060606085
DLNFQAPMVVTSSTT,7,60.33,260.0957143,5.5,17.64285714,1,5.5,5.5,194.74,194.74,11.57142857
NQFLELEKTKQLRLD,10,46.46,317.627,2.6,16.12,3,2.6,7.066666667,46.46,342.05,11.5933333335
MALSTILVSSTGNLE,9,57.81,259.3077778,4,16.23333333,3,4,7.033333333,57.81,90.71,11.633333331500001
QILAPNNYYPSKNLA,3,183.06,323.7333333,6.2,17.06666667,1,6.2,6.2,356.69,356.69,11.633333335
TLATIKAKENQLSQI,8,157.71,301.94125,3.6,19.825,1,3.6,3.6,157.71,157.71,11.7125
ALKIAFGFNEPNGNL,5,92.27,288.44,2.2,21.24,1,2.2,2.2,92.27,92.27,11.719999999999999
IYTVLDKIKLNAKMN,8,52.68,332.96875,3,16.2375,4,3,7.225,52.68,308.32,11.73125
ISNIHEKKGLTKYKS,2,116.88,237.9,9.4,14.2,1,9.4,9.4,116.88,116.88,11.8
QFLELEKTKQLRLDT,7,68.01,224.0128571,4.9,17.07142857,2,4.9,6.75,82.61,89.68,11.910714285
YTFATSADNHVTMWV,8,138.88,261.70125,7.4,16.175,2,7.4,7.7,166.13,311.755,11.9375
GRLYQIKIQYQRENP,8,90.48,331.78625,2.9,20.9875,1,2.9,2.9,90.48,90.48,11.94375
ADTARLNANIRYVNT,5,33.15,272.42,2.1,21.54,2,2.1,2.35,33.15,76.28,11.945
GNIATYNFENGRVRV,3,43.42,193.09,3.1,21.03333333,1,3.1,3.1,43.42,43.42,12.066666665000001
RIIFNGKDLNLVERR,14,49.39,341.9542857,1.4,17.63571429,5,1.4,6.54,49.39,245.88,12.087857145
AKENQLSQILAPNNY,2,67.97,171.51,1.2,23.1,1,1.2,1.2,67.97,67.97,12.15
QLAELNVTNIYTVLD,6,60.48,316.7433333,4.1,17.86666667,2,4.1,6.6,60.48,325.165,12.233333335000001
EVINKASNSNKIRLE,5,86.67,153.268,7.8,16.58,3,7.8,7.966666667,86.67,101.0333333,12.273333333499998
WISNIHEKKGLTKYK,2,120.85,249.17,9.7,14.85,1,9.7,9.7,120.85,120.85,12.274999999999999
VAIDHSLSLAGERTW,6,78.1,312.355,8.4,16.01666667,2,8.4,8.55,411.95,454.79,12.283333335
ENIILSKNEDQSTQN,4,191.66,301.685,8.9,15.725,1,8.9,8.9,191.66,191.66,12.3125
NTADTARLNANIRYV,3,37.92,240.3666667,2.5,21.46666667,2,2.5,3.2,37.92,112.99,12.333333334999999
QLSQILAPNNYYPSK,3,140.65,223.4333333,6.4,16.66666667,2,6.4,8,140.65,255.78,12.333333335
LDFKLYWTDSQNKKE,8,203.12,330.2625,4.3,19.2375,2,4.3,5.45,340.34,414.8,12.34375
DFNFDQQTSQNIKNQ,4,29.21,342.5,9,15.45,2,9,9.4,29.21,311.81,12.425
ENQLSQILAPNNYYP,2,170.4,170.61,4.6,20.3,1,4.6,4.6,170.4,170.4,12.45
LKIAFGFNEPNGNLQ,3,64.78,273.9133333,1.7,23.23333333,1,1.7,1.7,64.78,64.78,12.466666665
DDQEVINKASNSNKI,4,200.83,331.81,10,15,1,10,10,663.61,663.61,12.5
VKKSDEYTFATSADN,2,321.53,807.96,8.7,16.35,1,8.7,8.7,1294.39,1294.39,12.525
MENIILSKNEDQSTQ,5,131.55,247.408,5.6,19.16,2,5.6,5.9,131.55,138.965,12.530000000000001
ILVSSTGNLEVIQAE,6,115.98,374.4116667,7.2,17.4,2,7.2,7.7,115.98,653.755,12.549999999999999
SVSAGFSNSNSSTVA,8,76.75,289.475,5.9,18.3125,4,5.9,6.875,76.75,182.2375,12.59375
VDVKNKRTFLSPWIS,11,126.63,366.6709091,2.6,18.26363636,3,2.6,6.933333333,126.63,138.25,12.5984848465
AGFSNSNSSTVAIDH,7,92.75,294.0557143,7.8,17.01428571,3,7.8,8.366666667,92.75,234.7733333,12.6904761885
DFKLYWTDSQNKKEV,8,157.47,385.905,5.6,18.1125,3,5.6,7.3,269.96,483.6633333,12.70625
GLDFKLYWTDSQNKK,9,198.3,314.28,4,18.16666667,4,4,7.375,198.3,303.13,12.770833335
TKPDMTLKEALKIAF,8,79.87,249.6,8.2,17.4,1,8.2,8.2,364.79,364.79,12.799999999999999
IRLEKGRLYQIKIQY,10,113.64,330.798,6.3,17.85,2,6.3,7.75,298.53,566.12,12.8
LVSSTGNLEVIQAEV,2,426.03,816.99,7.4,18.2,1,7.4,7.4,1207.95,1207.95,12.8
KPDMTLKEALKIAFG,9,82.33,275.3911111,7.4,18.26666667,1,7.4,7.4,340.96,340.96,12.833333334999999
APNNYYPSKNLAPIA,7,96.62,299.3628571,3.8,19.92857143,2,3.8,5.75,96.62,288.575,12.839285715
TARLNANIRYVNTGT,5,50.63,287.326,3.4,22.38,2,3.4,3.45,50.63,109.66,12.915
KKSDEYTFATSADNH,6,183.05,450.4816667,6.2,19.7,1,6.2,6.2,1101.28,1101.28,12.95
MTLKEALKIAFGFNE,14,173.92,457.0478571,6.2,18.87142857,2,6.2,7.2,296.03,528.125,13.035714285
DVKNKRTFLSPWISN,10,122.79,347.229,4.6,17.45,3,7.3,8.633333333,140.71,181.99,13.0416666665
FNFDQQTSQNIKNQL,3,27.6,267.2066667,8.6,17.53333333,1,8.6,8.6,27.6,27.6,13.066666665
DTARLNANIRYVNTG,5,41.54,301.746,2.8,23.2,2,2.8,3,41.54,96.88,13.1
TEKGLDFKLYWTDSQ,3,410.55,546.5433333,7.4,18.8,1,7.4,7.4,751.74,751.74,13.100000000000001
VLGKNQTLATIKAKE,6,128.6,326.1433333,6,20.33333333,1,6,6,335.27,335.27,13.166666665
KIAFGFNEPNGNLQY,3,44.08,278.49,1.3,25.1,1,1.3,1.3,44.08,44.08,13.200000000000001
LSQILAPNNYYPSKN,3,150.85,257.1,6.2,20.4,1,6.2,6.2,362,362,13.299999999999999
KKGLTKYKSSPEKWS,2,112.43,286.545,7.5,19.25,1,7.5,7.5,112.43,112.43,13.375
PSKNLAPIALNAQDD,4,248.27,757.835,6.7,17.225,2,9.3,9.6,324.63,839.66,13.412500000000001
IATYNFENGRVRVDT,4,57.43,242.3875,4.4,22.6,1,4.4,4.4,57.43,57.43,13.5
DQEVINKASNSNKIR,6,113.05,253.595,8,18.23333333,3,8,8.8,113.05,251.4333333,13.516666665
DMENIILSKNEDQST,5,139.75,262.86,6.1,20.16,2,6.1,6.9,139.75,152.71,13.530000000000001
FKLYWTDSQNKKEVI,5,124.33,317.022,4.8,19.68,3,4.8,7.466666667,124.33,235.4166667,13.573333333499999
VSSTGNLEVIQAEVK,2,491.55,876.535,8.1,19.05,1,8.1,8.1,1261.52,1261.52,13.575
GFSNSNSSTVAIDHS,6,176.45,426.1233333,7.6,19.41666667,2,7.6,7.75,268.58,742.965,13.583333335
TIKAKENQLSQILAP,5,231.2,296.164,7,19.92,2,7,7.3,239.25,249.675,13.610000000000001
HREVINSSTEGLLLN,4,118.76,167.8575,8.6,18.65,1,8.6,8.6,118.76,118.76,13.625
SKNLAPIALNAQDDF,5,300.37,719.784,6.6,19.42,2,6.6,7.85,300.37,715.3,13.635000000000002
TADTARLNANIRYVN,5,32.79,311.248,2,24.8,2,2,2.5,32.79,87.71,13.65
TDQVYGNIATYNFEN,3,115.01,273.67,2.5,24.83333333,1,2.5,2.5,115.01,115.01,13.666666665
TEFDFNFDQQTSQNI,4,192.66,315.9875,4.2,23.3,1,4.2,4.2,192.66,192.66,13.75
TFLSPWISNIHEKKG,6,115.07,305.0416667,6.2,19.95,3,6.2,7.566666667,115.07,268.79,13.7583333335
RLYQIKIQYQRENPT,5,85,304.476,2.6,24.92,1,2.6,2.6,85,85,13.760000000000002
LDTDQVYGNIATYNF,3,131.47,286.5466667,2.8,24.93333333,1,2.8,2.8,131.47,131.47,13.866666665
AHREVINSSTEGLLL,4,113.57,176.2125,8,19.75,1,8,8,113.57,113.57,13.875
DMTLKEALKIAFGFN,12,124.28,372.8208333,6.3,20.225,3,6.3,7.566666667,296.57,485.1366667,13.8958333335
RLEKGRLYQIKIQYQ,9,145.79,396.7566667,6.2,20.05555556,2,6.2,7.75,145.79,492.865,13.90277778
DTDQVYGNIATYNFE,3,121.28,287.8133333,2.7,25.23333333,1,2.7,2.7,121.28,121.28,13.966666665
LSPWISNIHEKKGLT,3,354.13,401.1066667,7.2,20.73333333,1,7.2,7.2,436.21,436.21,13.966666665
LNFQAPMVVTSSTTG,5,113.35,265.496,8.2,19.84,1,8.2,8.2,272.61,272.61,14.02
RLNANIRYVNTGTAP,9,187.52,321.9755556,6.9,21.21111111,1,6.9,6.9,241.69,241.69,14.055555555000002
QTSQNIKNQLAELNV,4,114.4,305.295,7.7,20.425,1,7.7,7.7,165.38,165.38,14.0625
PDMTLKEALKIAFGF,11,115.4,330.6354545,6.4,20.88181818,2,6.4,7.35,299.23,349.58,14.115909089999999
NAEVHASFFDIGGSV,3,448.02,598.47,8.6,19.86666667,1,8.6,8.6,857.87,857.87,14.233333335000001
ETMGLNTADTARLNA,6,127.58,349.5866667,7.7,21.11666667,1,7.7,7.7,479.15,479.15,14.408333335
AETMGLNTADTARLN,4,229.16,312.8125,6.1,22.775,1,6.1,6.1,352.35,352.35,14.4375
YPSKNLAPIALNAQD,6,128.22,396.9966667,2.8,19.96666667,1,9,9,296.31,296.31,14.483333335
FDIGGSVSAGFSNSN,3,36.95,277.09,1.8,27.26666667,1,1.8,1.8,36.95,36.95,14.533333335
ILAPNNYYPSKNLAP,4,310.76,445.1475,8.3,20.825,1,8.3,8.3,529.67,529.67,14.5625
NQLSQILAPNNYYPS,3,155.02,341.1433333,10,19.33333333,1,10,10,660.03,660.03,14.666666665
SQNKKEVISSDNLQL,4,91.15,232.88,6.5,23.375,1,6.5,6.5,91.15,91.15,14.9375
VINKASNSNKIRLEK,5,109.2,200.1,9.6,20.32,1,9.6,9.6,109.2,109.2,14.96
IKAKENQLSQILAPN,2,102.82,251.545,2.3,27.65,1,2.3,2.3,102.82,102.82,14.975
FLSPWISNIHEKKGL,5,162.51,306.602,6.8,21.72,2,6.8,8.3,162.51,284.055,15.01
ARLNANIRYVNTGTA,8,131.12,354.58875,7.8,21.7375,2,7.8,8.45,131.12,307.095,15.09375
EALKIAFGFNEPNGN,4,260.72,347.17,6.5,23.875,1,6.5,6.5,381.71,381.71,15.1875
SQILAPNNYYPSKNL,3,129.69,286.1933333,5.1,23.36666667,2,5.1,7.05,129.69,200.145,15.208333335
KAKENQLSQILAPNN,2,85.22,275.97,1.8,28.9,1,1.8,1.8,85.22,85.22,15.35
NIATYNFENGRVRVD,4,60.45,290.56,4.7,26.175,1,4.7,4.7,60.45,60.45,15.4375
LNAKMNILIRDKRFH,7,161.7,283.1142857,7.5,22.35714286,2,7.5,8.75,161.7,163.92,15.55357143
TLKEALKIAFGFNEP,7,182.49,427.7414286,9.9,21.41428571,1,9.9,9.9,875.33,875.33,15.657142855
DQVYGNIATYNFENG,3,179.93,355.56,3.8,27.6,1,3.8,3.8,179.93,179.93,15.700000000000001
QVYGNIATYNFENGR,3,230.29,348.1566667,4.6,26.86666667,1,4.6,4.6,230.29,230.29,15.733333335000001
LAPNNYYPSKNLAPI,7,146.19,357.77,6.3,26.47142857,1,6.3,6.3,146.19,146.19,16.385714285
WAETMGLNTADTARL,4,344.22,374.3625,6.7,26.175,1,6.7,6.7,395.78,395.78,16.4375
LYQIKIQYQRENPTE,2,133.9,236.85,5.4,27.7,1,5.4,5.4,133.9,133.9,16.55
QTLATIKAKENQLSQ,4,253.07,323.475,7.4,25.85,1,7.4,7.4,255.86,255.86,16.625
IQETTARIIFNGKDL,4,170.62,283.145,9,24.25,1,9,9,295.91,295.91,16.625
ETTARIIFNGKDLNL,5,213.71,388.398,8.9,24.58,1,8.9,8.9,426.53,426.53,16.74
YQIKIQYQRENPTEK,2,170.89,206.08,8,25.5,1,8,8,170.89,170.89,16.75
ATYNFENGRVRVDTG,4,94.75,301.9225,7.5,27.125,1,7.5,7.5,94.75,94.75,17.3125
AEVHASFFDIGGSVS,3,315.53,533.1533333,9,28.66666667,1,9,9,894.04,894.04,18.833333335
YGNIATYNFENGRVR,4,124.73,359.63,10,31,1,10,10,124.73,124.73,20.5
