peptide,Num_Alleles,Min_IC50,Avg_IC50,Min_Rank,Avg_Rank
RHPLVAAYPIVHVDM,19,24.69,244.1436842,1.8,7.952631579
MKKRKVLIPLMALST,19,13.24,133.0436842,0.05,6.155789474
KRKVLIPLMALSTIL,19,6.49,138.6415789,0.33,5.724736842
KKRKVLIPLMALSTI,19,7.01,114.2736842,0.06,4.992631579
RKVLIPLMALSTILV,19,6.6,199.6036842,0.72,7.369473684
GYYFSDLNFQAPMVV,19,17.06,220.0331579,0.12,9.546315789
SNKIRLEKGRLYQIK,18,22.34,244.5938889,0.36,8.77
NQYFQSAIWSGFIKV,18,25.94,213.8155556,0.47,8.567222222
QYFQSAIWSGFIKVK,17,21.18,211.4135294,0.38,8.49
PIYNVLPTTSLVLGK,17,6.12,244.2052941,0.19,7.851764706
KVLIPLMALSTILVS,17,11.15,318.6047059,2.4,11.39411765
TAPIYNVLPTTSLVL,17,5.44,229.4964706,0.33,7.305294118
TPITMNYNQFLELEK,17,13.2,233.8252941,0.16,9.701764706
ENQYFQSAIWSGFIK,17,46.45,242.8517647,1.1,8.241176471
STPITMNYNQFLELE,17,16.52,221.1152941,0.25,8.710588235
IYNVLPTTSLVLGKN,17,8.47,261.0941176,0.21,9.83
NKIRLEKGRLYQIKI,17,25.16,221.3641176,0.4,8.670588235
SSTPITMNYNQFLEL,17,14.85,231.6476471,0.36,8.778235294
NIRYVNTGTAPIYNV,16,15.11,207.19875,0.77,6.398125
KIKLNAKMNILIRDK,16,11.4,279.12625,0.24,9.27125
LLGYYFSDLNFQAPM,16,15.22,266.84875,0.08,9.483125
APIYNVLPTTSLVLG,16,5.65,233.955,0.29,7.6325
ARHPLVAAYPIVHVD,16,31.28,239.281875,3.2,9.28125
EARHPLVAAYPIVHV,16,33.17,236.79125,2.4,9.35
VKNKRTFLSPWISNI,16,69.64,304.856875,1.7,12.13125
LGYYFSDLNFQAPMV,16,14.96,232.254375,0.08,10.13125
KNKRTFLSPWISNIH,16,58.49,261.848125,1.5,10.55625
LDKIKLNAKMNILIR,16,9.21,269.3125,0.14,9.815
KRTFLSPWISNIHEK,16,66.15,268.18,2.4,10.48125
YYFSDLNFQAPMVVT,16,37.72,211.2425,0.74,8.85875
HPLVAAYPIVHVDME,15,43.26,287.4593333,2.7,10.99333333
RTFLSPWISNIHEKK,15,61.79,274.9333333,3.3,13.7
DKRFHYDRNNIAVGA,15,8.98,170.1913333,0.01,10.88466667
FQSAIWSGFIKVKKS,15,21.82,222.9326667,0.4,10.11333333
DKIKLNAKMNILIRD,15,10.55,297.7066667,0.24,10.60933333
KIRLEKGRLYQIKIQ,15,35.95,207.7266667,0.64,8.742666667
LNVTNIYTVLDKIKL,15,59.68,279.132,1.4,13.51333333
KRFHYDRNNIAVGAD,15,7.57,155.1853333,0.01,10.02666667
YFSDLNFQAPMVVTS,15,30.7,288.5133333,5.1,12.54666667
YFQSAIWSGFIKVKK,15,19.1,189.7773333,0.34,8.228
ANIRYVNTGTAPIYN,15,18.7,131.5393333,1.2,7.34
SENQYFQSAIWSGFI,15,66.66,255.6973333,1.8,11.54
IRYVNTGTAPIYNVL,15,13.52,239.1673333,0.55,6.77
NKRTFLSPWISNIHE,14,70.46,233.7271429,2.5,10.95
ARIIFNGKDLNLVER,14,60.82,295.6835714,1.9,15.75
YNQFLELEKTKQLRL,14,31.02,292.7771429,1.6,13.15714286
NANIRYVNTGTAPIY,14,15.49,122.3021429,0.82,7.415714286
RIIFNGKDLNLVERR,14,49.39,341.9542857,1.4,17.63571429
RDKRFHYDRNNIAVG,14,9.77,202.9907143,0.01,11.97357143
GLLGYYFSDLNFQAP,14,18.01,209.0214286,0.15,7.955
VAAYPIVHVDMENII,14,108.85,334.7871429,2.5,15.62857143
MTLKEALKIAFGFNE,14,173.92,457.0478571,6.2,18.87142857
LVAAYPIVHVDMENI,14,76.47,385.4971429,2.6,15.85
NSNKIRLEKGRLYQI,14,26.46,205.1242857,0.36,8.911428571
TTARIIFNGKDLNLV,14,95.68,314.5707143,4.2,15.88571429
TTSLVLGKNQTLATI,13,11.83,199.6376923,1.3,11.11538462
IRDKRFHYDRNNIAV,13,9.62,203.9507692,0.01,11.92230769
VLIPLMALSTILVSS,13,17.01,274.8092308,4,13.26923077
LEKGRLYQIKIQYQR,13,78.73,301.2938462,2.3,13.76153846
YPIVHVDMENIILSK,13,46.53,296.7284615,1.1,11.6
NVTNIYTVLDKIKLN,13,70.34,287.9961538,4.1,13.33076923
LIPLMALSTILVSST,13,21.83,261.8769231,2.6,13.02307692
PTTSLVLGKNQTLAT,13,14.25,251.9515385,2.3,13.64615385
LNANIRYVNTGTAPI,13,20.33,196.0915385,1.3,11.42307692
VTNIYTVLDKIKLNA,13,54.47,304.8515385,3.1,15.03846154
QSAIWSGFIKVKKSD,13,39.69,258.7007692,1.1,14.88461538
GTAPIYNVLPTTSLV,13,6.96,184.5615385,0.87,10.18230769
PLMALSTILVSSTGN,13,26.85,266.8084615,1.6,13.77692308
IPLMALSTILVSSTG,13,22.33,242.8546154,1.8,12.39230769
IKLNAKMNILIRDKR,12,26.02,257.37,1.4,11.50833333
QGLLGYYFSDLNFQA,12,47.7,203.1141667,0.32,10.00166667
PITMNYNQFLELEKT,12,13.77,206.5033333,0.19,9.136666667
KGRLYQIKIQYQREN,12,75.48,317.5991667,2.1,15.35
AAYPIVHVDMENIIL,12,67.48,279.3891667,1.6,11.93333333
EKGRLYQIKIQYQRE,12,84.46,309.2158333,2.6,14.88333333
TARIIFNGKDLNLVE,12,88.25,301.1366667,2.9,15.64166667
AYPIVHVDMENIILS,12,58.9,262.3558333,1.4,11.06666667
VLDKIKLNAKMNILI,12,10.81,201.7775,0.24,12.17
DMTLKEALKIAFGFN,12,124.28,372.8208333,6.3,20.225
KLNAKMNILIRDKRF,11,77.35,297.47,5.4,15.64545455
TGTAPIYNVLPTTSL,11,16.3,272.5254545,3.2,14.1
YNVLPTTSLVLGKNQ,11,10.93,299.7827273,0.3,11.91818182
TNIYTVLDKIKLNAK,11,43.79,303.1327273,2.4,13.7
FSDLNFQAPMVVTSS,11,26.21,360.3518182,6.9,11.34545455
ELNVTNIYTVLDKIK,11,59.24,286.3427273,1.3,16.51818182
TSLVLGKNQTLATIK,11,15.39,178.4172727,1.8,9.727272727
PDMTLKEALKIAFGF,11,115.4,330.6354545,6.4,20.88181818
KKEVISSDNLQLPEL,11,44.25,258.6809091,3,11.56363636
PSENQYFQSAIWSGF,11,86.3,224.7536364,2.9,12.69090909
RYVNTGTAPIYNVLP,11,21.52,155.1409091,1.1,9.127272727
VDVKNKRTFLSPWIS,11,126.63,366.6709091,2.6,18.26363636
SLVLGKNQTLATIKA,11,28.62,220.8409091,1.8,14
ASNSNKIRLEKGRLY,11,79.3,226.3654545,0.68,12.60727273
SNSNKIRLEKGRLYQ,11,40.21,175.0636364,0.66,9.678181818
NQFLELEKTKQLRLD,10,46.46,317.627,2.6,16.12
IRLEKGRLYQIKIQY,10,113.64,330.798,6.3,17.85
DVKNKRTFLSPWISN,10,122.79,347.229,4.6,17.45
DEYTFATSADNHVTM,10,70.42,330.573,5.1,10.71
VLPQIQETTARIIFN,10,14.32,282.925,0.64,11.244
LPTTSLVLGKNQTLA,10,18.51,220.19,3.4,12.83
PLVAAYPIVHVDMEN,10,56.95,249.301,3.1,14.74
PNNYYPSKNLAPIAL,10,70.59,266.495,2.4,16.85
NNYYPSKNLAPIALN,10,72.64,353.937,2.9,15.51
TVLDKIKLNAKMNIL,10,15.98,252.525,0.64,15.724
EYTFATSADNHVTMW,10,62.09,240.002,4.5,12.64
AELNVTNIYTVLDKI,10,71.81,283.007,2,15.83
MALSTILVSSTGNLE,9,57.81,259.3077778,4,16.23333333
LMALSTILVSSTGNL,9,85.53,251.1766667,4.6,14.51111111
ALSTILVSSTGNLEV,9,33.76,211.8222222,2.1,10.75555556
SDLNFQAPMVVTSST,9,42.01,265.8211111,5.2,17.35555556
NYYPSKNLAPIALNA,9,72.58,310.9555556,2,15.88888889
MNYNQFLELEKTKQL,9,59.86,290.39,3.4,12.66666667
RLEKGRLYQIKIQYQ,9,145.79,396.7566667,6.2,20.05555556
RLNANIRYVNTGTAP,9,187.52,321.9755556,6.9,21.21111111
ASFFDIGGSVSAGFS,9,20.3,232.3022222,0.9,13.14444444
GLDFKLYWTDSQNKK,9,198.3,314.28,4,18.16666667
NKKEVISSDNLQLPE,9,69.11,271.5977778,4.9,16.81111111
NAKMNILIRDKRFHY,9,26.75,229.7277778,0.28,14.25333333
NIYTVLDKIKLNAKM,9,43.57,302.0922222,2.4,14.02222222
SAIWSGFIKVKKSDE,9,83.16,293.6311111,2.7,13.96666667
DLNLVERRIAAVNPS,9,36.12,330.1644444,1.9,16.55555556
YTVLDKIKLNAKMNI,9,24.82,253.4177778,1.3,14.06666667
NGKDLNLVERRIAAV,9,16.44,218.69,0.49,14.75444444
EVLPQIQETTARIIF,9,12.43,300.81,0.42,14.21333333
LATIKAKENQLSQIL,9,111.46,244.58,2,16.8
AKMNILIRDKRFHYD,9,22.74,254.6855556,0.21,15.62333333
ITMNYNQFLELEKTK,9,14.7,225.7766667,0.21,8.497777778
GKDLNLVERRIAAVN,9,17.79,214.73,0.61,14.22333333
LSTILVSSTGNLEVI,9,25.31,161.33,1.4,8.611111111
KPDMTLKEALKIAFG,9,82.33,275.3911111,7.4,18.26666667
QNKKEVISSDNLQLP,9,63.97,281.0077778,4.4,16.66666667
RFHYDRNNIAVGADE,9,10.38,144.7233333,0.01,9.417777778
LPQIQETTARIIFNG,9,18.93,289.7055556,1.2,10.96666667
KSDEYTFATSADNHV,8,83.19,300.21625,3.2,11.3125
KDLNLVERRIAAVNP,8,17.6,194.4025,0.58,15.2975
LVLGKNQTLATIKAK,8,72.14,273.12,2.4,16.325
SDEYTFATSADNHVT,8,63.9,279.36875,4.1,11.8625
IYTVLDKIKLNAKMN,8,52.68,332.96875,3,16.2375
DFSSTPITMNYNQFL,8,26.58,323.95875,1.5,17.6125
DFKLYWTDSQNKKEV,8,157.47,385.905,5.6,18.1125
LDFKLYWTDSQNKKE,8,203.12,330.2625,4.3,19.2375
SSTVAIDHSLSLAGE,8,29,186.67625,0.6,14.57125
VSAGFSNSNSSTVAI,8,46.44,209.455,3.9,14.925
ARLNANIRYVNTGTA,8,131.12,354.58875,7.8,21.7375
TILVSSTGNLEVIQA,8,45.58,204.9475,3.1,12.1
YTFATSADNHVTMWV,8,138.88,261.70125,7.4,16.175
TKPDMTLKEALKIAF,8,79.87,249.6,8.2,17.4
KMNILIRDKRFHYDR,8,22.37,227.52875,0.2,10.5625
GRLYQIKIQYQRENP,8,90.48,331.78625,2.9,20.9875
TLATIKAKENQLSQI,8,157.71,301.94125,3.6,19.825
FSSTPITMNYNQFLE,8,20.08,324.425,0.9,14.6625
KEVISSDNLQLPELK,8,80.1,257.7225,4.1,17.65
SVSAGFSNSNSSTVA,8,76.75,289.475,5.9,18.3125
PIVHVDMENIILSKN,8,74.92,256.125,1.8,12.625
STVAIDHSLSLAGER,8,33.92,171.82375,0.76,13.2675
STILVSSTGNLEVIQ,8,29.3,134.44125,1.7,8.625
TVAIDHSLSLAGERT,8,56.98,190.325,1.3,12.2875
NSSTVAIDHSLSLAG,8,25.65,189.33125,0.52,15.04625
LIRDKRFHYDRNNIA,7,19.83,88.46,0.19,7.618571429
AGFSNSNSSTVAIDH,7,92.75,294.0557143,7.8,17.01428571
APNNYYPSKNLAPIA,7,96.62,299.3628571,3.8,19.92857143
LNAKMNILIRDKRFH,7,161.7,283.1142857,7.5,22.35714286
LAPNNYYPSKNLAPI,7,146.19,357.77,6.3,26.47142857
SQGLLGYYFSDLNFQ,7,86.42,185.4785714,0.34,6.877142857
PQIQETTARIIFNGK,7,27.73,171.1285714,2,12.01428571
QIQETTARIIFNGKD,7,28.36,191.0185714,2,13.48571429
DLNFQAPMVVTSSTT,7,60.33,260.0957143,5.5,17.64285714
SFFDIGGSVSAGFSN,7,25.4,186.9457143,0.84,11.93428571
TVDVKNKRTFLSPWI,7,112.73,264.5242857,2.1,20.87142857
SSSQGLLGYYFSDLN,7,127.6,314.3857143,2.1,16.2
PEARHPLVAAYPIVH,7,76.98,322.5771429,5,15.2
HASFFDIGGSVSAGF,7,21.14,185.99,1.7,12.02857143
TMNYNQFLELEKTKQ,7,30.5,185.2571429,0.55,6.475714286
TLKEALKIAFGFNEP,7,182.49,427.7414286,9.9,21.41428571
SAGFSNSNSSTVAID,7,69.89,240.1714286,5.6,15.37142857
QFLELEKTKQLRLDT,7,68.01,224.0128571,4.9,17.07142857
SSQGLLGYYFSDLNF,6,97.72,183.4933333,0.47,5.978333333
YVNTGTAPIYNVLPT,6,81.43,209.565,1.8,19.11666667
TFLSPWISNIHEKKG,6,115.07,305.0416667,6.2,19.95
QLAELNVTNIYTVLD,6,60.48,316.7433333,4.1,17.86666667
LNLVERRIAAVNPSD,6,168.51,357.6033333,4.1,17.85
YPSKNLAPIALNAQD,6,128.22,396.9966667,2.8,19.96666667
QEVINKASNSNKIRL,6,67.24,165.665,5.5,12.55
VLPTTSLVLGKNQTL,6,57.5,156.1183333,5.7,13.73333333
NVLPTTSLVLGKNQT,6,19.07,206.6716667,1.2,17.53333333
SNSSTVAIDHSLSLA,6,23.77,190.8483333,0.47,13.855
VAIDHSLSLAGERTW,6,78.1,312.355,8.4,16.01666667
VLGKNQTLATIKAKE,6,128.6,326.1433333,6,20.33333333
LAELNVTNIYTVLDK,6,72.84,238.2783333,3.3,16.4
YYPSKNLAPIALNAQ,6,76.2,346.7716667,1.3,13.18333333
ILVSSTGNLEVIQAE,6,115.98,374.4116667,7.2,17.4
KKSDEYTFATSADNH,6,183.05,450.4816667,6.2,19.7
IVHVDMENIILSKNE,6,133.7,247.5416667,2.9,16.03333333
DQEVINKASNSNKIR,6,113.05,253.595,8,18.23333333
FFDIGGSVSAGFSNS,6,27.44,183.8783333,0.95,13.94166667
EVHASFFDIGGSVSA,6,65.06,314.6066667,18,21.5
ETMGLNTADTARLNA,6,127.58,349.5866667,7.7,21.11666667
ESSSQGLLGYYFSDL,6,183.29,400.79,5.3,16.65
IIFNGKDLNLVERRI,6,73.61,327.955,2.3,17.05
GFSNSNSSTVAIDHS,6,176.45,426.1233333,7.6,19.41666667
FNGKDLNLVERRIAA,6,22.93,224.755,0.88,17.66333333
HVTMWVDDQEVINKA,5,111.97,466.618,0.95,4.79
NQLAELNVTNIYTVL,5,50.34,287.502,3.4,16.84
VHASFFDIGGSVSAG,5,36.27,189.124,4.5,14.1
IFNGKDLNLVERRIA,5,64.68,239.864,3.8,17.6
DMENIILSKNEDQST,5,139.75,262.86,6.1,20.16
TMGLNTADTARLNAN,5,112.45,346.384,20,24.8
VINKASNSNKIRLEK,5,109.2,200.1,9.6,20.32
NIKNQLAELNVTNIY,5,95.36,202.438,2.3,13.82
NHVTMWVDDQEVINK,5,121.52,422.802,0.71,4.202
ATIKAKENQLSQILA,5,163.4,222.854,3.9,17.38
DTARLNANIRYVNTG,5,41.54,301.746,2.8,23.2
MENIILSKNEDQSTQ,5,131.55,247.408,5.6,19.16
TKQLRLDTDQVYGNI,5,20.11,167.346,0.28,5.684
EKGLDFKLYWTDSQN,5,382.83,419.374,3.8,18.36
QNIKNQLAELNVTNI,5,102.49,241.43,3.1,15.46
MNILIRDKRFHYDRN,5,25.25,213.682,0.26,9.532
EKTKQLRLDTDQVYG,5,24.37,244.66,0.48,9.038
TARLNANIRYVNTGT,5,50.63,287.326,3.4,22.38
KTKQLRLDTDQVYGN,5,26.6,224.946,0.51,8.232
FLSPWISNIHEKKGL,5,162.51,306.602,6.8,21.72
TADTARLNANIRYVN,5,32.79,311.248,2,24.8
RLYQIKIQYQRENPT,5,85,304.476,2.6,24.92
FKLYWTDSQNKKEVI,5,124.33,317.022,4.8,19.68
FHYDRNNIAVGADES,5,87.63,215.492,2.9,15.54
ETTARIIFNGKDLNL,5,213.71,388.398,8.9,24.58
SEVLPQIQETTARII,5,16.36,140.506,0.91,13.042
SKNLAPIALNAQDDF,5,300.37,719.784,6.6,19.42
TIKAKENQLSQILAP,5,231.2,296.164,7,19.92
EVINKASNSNKIRLE,5,86.67,153.268,7.8,16.58
AIWSGFIKVKKSDEY,5,106.43,295.782,6.4,13.68
ALKIAFGFNEPNGNL,5,92.27,288.44,2.2,21.24
LNFQAPMVVTSSTTG,5,113.35,265.496,8.2,19.84
LKEALKIAFGFNEPN,5,169.31,301.91,13,24.2
KNQLAELNVTNIYTV,5,64.39,232.964,4.4,13.82
KGLDFKLYWTDSQNK,5,270.49,321.234,3.5,14.7
KQLRLDTDQVYGNIA,5,22.74,202.316,0.33,7.096
ADTARLNANIRYVNT,5,33.15,272.42,2.1,21.54
YGNIATYNFENGRVR,4,124.73,359.63,10,31
KEALKIAFGFNEPNG,4,178.91,284.29,14,23.75
IATYNFENGRVRVDT,4,57.43,242.3875,4.4,22.6
NYNQFLELEKTKQLR,4,42.55,171.21,2.3,13.725
PYSDFEKVTGRIDKN,4,252.5,361.535,18,29.75
HVDMENIILSKNEDQ,4,362.23,432.9225,20,22
TTKPDMTLKEALKIA,4,152.82,299.975,18,25
TSQNIKNQLAELNVT,4,97.38,243.215,5.2,14.975
HREVINSSTEGLLLN,4,118.76,167.8575,8.6,18.65
GSVSAGFSNSNSSTV,4,81.87,222.1475,4.9,16.975
PSKNLAPIALNAQDD,4,248.27,757.835,6.7,17.225
EALKIAFGFNEPNGN,4,260.72,347.17,6.5,23.875
WAETMGLNTADTARL,4,344.22,374.3625,6.7,26.175
QLRLDTDQVYGNIAT,4,44.92,264.0875,1.1,12.325
EFDFNFDQQTSQNIK,4,48.22,199.465,3.7,13.425
DNHVTMWVDDQEVIN,4,170.17,395.085,0.88,2.845
AHREVINSSTEGLLL,4,113.57,176.2125,8,19.75
QTLATIKAKENQLSQ,4,253.07,323.475,7.4,25.85
QTSQNIKNQLAELNV,4,114.4,305.295,7.7,20.425
TEFDFNFDQQTSQNI,4,192.66,315.9875,4.2,23.3
FQAPMVVTSSTTGDL,4,369.09,432.425,21,34.5
YSDFEKVTGRIDKNV,4,161.64,263.2675,14,23.5
LGKNQTLATIKAKEN,4,145.2,340.3,13,25
ENIILSKNEDQSTQN,4,191.66,301.685,8.9,15.725
LEKTKQLRLDTDQVY,4,25.99,211.2425,0.54,7.21
AETMGLNTADTARLN,4,229.16,312.8125,6.1,22.775
SQNKKEVISSDNLQL,4,91.15,232.88,6.5,23.375
SQNIKNQLAELNVTN,4,102.33,210.735,5.1,14.075
FDFNFDQQTSQNIKN,4,33.89,222.265,4.9,13.225
DPYSDFEKVTGRIDK,4,314.28,377.2375,20,31
NSNSSTVAIDHSLSL,4,32.04,148.21,0.71,6.2775
NIATYNFENGRVRVD,4,60.45,290.56,4.7,26.175
DDQEVINKASNSNKI,4,200.83,331.81,10,15
IKNQLAELNVTNIYT,4,117.51,210.2475,3.3,16.9
NILIRDKRFHYDRNN,4,30.63,310.905,0.39,11.9475
ITEFDFNFDQQTSQN,4,295.37,565.115,6,11.475
ILAPNNYYPSKNLAP,4,310.76,445.1475,8.3,20.825
ATYNFENGRVRVDTG,4,94.75,301.9225,7.5,27.125
IPSENQYFQSAIWSG,4,263.93,342.0075,20,31.25
VTMWVDDQEVINKAS,4,133.14,376.1375,2.9,5.725
IQETTARIIFNGKDL,4,170.62,283.145,9,24.25
DFNFDQQTSQNIKNQ,4,29.21,342.5,9,15.45
ADNHVTMWVDDQEVI,4,187.35,388.16,0.84,3.035
VDMENIILSKNEDQS,4,189.97,256.1325,8.8,13.45
AGERTWAETMGLNTA,3,222.37,326.0533333,23,31.33333333
TDQVYGNIATYNFEN,3,115.01,273.67,2.5,24.83333333
LTKYKSSPEKWSTAS,3,376.11,423.7733333,27,36.66666667
QVYGNIATYNFENGR,3,230.29,348.1566667,4.6,26.86666667
TFATSADNHVTMWVD,3,454.78,475.88,20,36.33333333
TEKGLDFKLYWTDSQ,3,410.55,546.5433333,7.4,18.8
KIAFGFNEPNGNLQY,3,44.08,278.49,1.3,25.1
FSNSNSSTVAIDHSL,3,183.14,522.3633333,5.1,8.833333333
NFQAPMVVTSSTTGD,3,318.65,350.2833333,17,32.33333333
NQLSQILAPNNYYPS,3,155.02,341.1433333,10,19.33333333
FNFDQQTSQNIKNQL,3,27.6,267.2066667,8.6,17.53333333
LVERRIAAVNPSDPL,3,302.43,410.88,1.9,15.3
YTVDVKNKRTFLSPW,3,161.5,320.2033333,3.8,10.73333333
QLSQILAPNNYYPSK,3,140.65,223.4333333,6.4,16.66666667
RNNIAVGADESVVKE,3,466.16,683.6533333,6.2,11.76666667
NAEVHASFFDIGGSV,3,448.02,598.47,8.6,19.86666667
KNLAPIALNAQDDFS,3,368.86,660.82,7.2,14.06666667
LDTDQVYGNIATYNF,3,131.47,286.5466667,2.8,24.93333333
SADNHVTMWVDDQEV,3,300.89,579.6066667,2.1,4.566666667
KNQTLATIKAKENQL,3,229.86,351.2666667,24,32
FDIGGSVSAGFSNSN,3,36.95,277.09,1.8,27.26666667
SQILAPNNYYPSKNL,3,129.69,286.1933333,5.1,23.36666667
MGLNTADTARLNANI,3,170.55,340.39,23,28.33333333
EVISSDNLQLPELKQ,3,225.43,349.3566667,7.5,10.2
ETTKPDMTLKEALKI,3,317.11,370.8366667,23,33
AEVHASFFDIGGSVS,3,315.53,533.1533333,9,28.66666667
LKIAFGFNEPNGNLQ,3,64.78,273.9133333,1.7,23.23333333
DTDQVYGNIATYNFE,3,121.28,287.8133333,2.7,25.23333333
NNIAVGADESVVKEA,3,365.2,771.3466667,7.7,8.8
KENQLSQILAPNNYY,3,84.09,243.3466667,1.7,20.9
LSQILAPNNYYPSKN,3,150.85,257.1,6.2,20.4
WSGFIKVKKSDEYTF,3,80.33,302.04,4.8,15.26666667
EGYTVDVKNKRTFLS,3,99.09,340.1033333,2.5,14.16666667
GYTVDVKNKRTFLSP,3,103.23,272.8533333,2.6,10.53333333
IKIQYQRENPTEKGL,3,266.52,302.29,19,28.66666667
VEGYTVDVKNKRTFL,3,81.65,373.4333333,2.1,12.46666667
HYDRNNIAVGADESV,3,542,746.6766667,5.7,7.9
DQVYGNIATYNFENG,3,179.93,355.56,3.8,27.6
LSPWISNIHEKKGLT,3,354.13,401.1066667,7.2,20.73333333
TYNFENGRVRVDTGS,3,167.94,306.4166667,14,21.66666667
NTADTARLNANIRYV,3,37.92,240.3666667,2.5,21.46666667
EAHREVINSSTEGLL,3,197.64,268.9,15,18.66666667
IWSGFIKVKKSDEYT,3,100.45,211.82,6,15.66666667
NIILSKNEDQSTQNT,3,303.89,357.1033333,15,19.33333333
QAPMVVTSSTTGDLS,3,435.26,447.58,29,38.66666667
GNIATYNFENGRVRV,3,43.42,193.09,3.1,21.03333333
GLTKYKSSPEKWSTA,3,361.69,407.6533333,25,35.33333333
DITEFDFNFDQQTSQ,3,332.47,573.9933333,6.5,7.866666667
QIKIQYQRENPTEKG,3,224.55,292.9433333,12,27
QILAPNNYYPSKNLA,3,183.06,323.7333333,6.2,17.06666667
DRNNIAVGADESVVK,3,447.1,641.5866667,5.2,11.23333333
YDRNNIAVGADESVV,2,410.45,668.23,4.1,4.85
WISNIHEKKGLTKYK,2,120.85,249.17,9.7,14.85
SPEARHPLVAAYPIV,2,334.38,340.12,26,37.5
SQTRTISKNTSTSRT,2,268.81,335.945,6.8,11.9
VHVDMENIILSKNED,2,352.3,367.45,20,36
SNSNSSTVAIDHSLS,2,227.32,339.675,6.6,14.3
AIDHSLSLAGERTWA,2,77.02,233.185,21,24
VTGRIDKNVSPEARH,2,106.51,189.095,2.3,9.65
ERTWAETMGLNTADT,2,202.38,306.95,28,33.5
ENQLSQILAPNNYYP,2,170.4,170.61,4.6,20.3
VKKSDEYTFATSADN,2,321.53,807.96,8.7,16.35
TSEVHGNAEVHASFF,2,154.3,290.7,9.5,11.75
VSSTGNLEVIQAEVK,2,491.55,876.535,8.1,19.05
TSADNHVTMWVDDQE,2,646.76,985.43,6,7.55
TRTISKNTSTSRTHT,2,217.23,253.255,5.4,9.7
ENGRVRVDTGSNWSE,2,163.6,295.24,3.4,6.2
YQIKIQYQRENPTEK,2,170.89,206.08,8,25.5
VNTGTAPIYNVLPTT,2,181.36,189.24,5.6,8.3
APMVVTSSTTGDLSI,2,320.48,348.325,24,25.5
TGRIDKNVSPEARHP,2,112.26,201.4,2.4,10.2
AKENQLSQILAPNNY,2,67.97,171.51,1.2,23.1
DTGSNWSEVLPQIQE,2,482.45,891.75,8.8,12.4
KVTGRIDKNVSPEAR,2,149.67,243.315,3.1,11.55
NQTLATIKAKENQLS,2,266.76,306.94,26,35.5
RTISKNTSTSRTHTS,2,306.77,370.57,7.2,13.1
FLELEKTKQLRLDTD,2,144.75,146.66,13,23
LRLDTDQVYGNIATY,2,263.89,290.725,5.5,6.15
IKAKENQLSQILAPN,2,102.82,251.545,2.3,27.65
LVSSTGNLEVIQAEV,2,426.03,816.99,7.4,18.2
LYQIKIQYQRENPTE,2,133.9,236.85,5.4,27.7
GERTWAETMGLNTAD,2,241.82,324.81,28,35.5
ISNIHEKKGLTKYKS,2,116.88,237.9,9.4,14.2
INKASNSNKIRLEKG,2,292.06,303.3,19,20.5
GRVRVDTGSNWSEVL,2,133.57,246.075,2.9,5.25
GRIDKNVSPEARHPL,2,172.08,289.845,3.6,13.3
QTRTISKNTSTSRTH,2,230.78,275.06,5.8,10.4
QQTSQNIKNQLAELN,2,235.13,317.295,23,32.5
PWISNIHEKKGLTKY,2,152.62,291.64,13,17
NGRVRVDTGSNWSEV,2,115.72,202.855,2.6,4.4
GKDITEFDFNFDQQT,2,515.6,615.66,7,7.35
KDITEFDFNFDQQTS,2,580.07,616.745,6.1,7.7
KAKENQLSQILAPNN,2,85.22,275.97,1.8,28.9
KKGLTKYKSSPEKWS,2,112.43,286.545,7.5,19.25
SNIHEKKGLTKYKSS,2,171.47,290.465,14,17.5
NLVERRIAAVNPSDP,2,341.87,599.98,4.5,15.25
KLYWTDSQNKKEVIS,2,296.18,358.71,7.6,14.8
SEVHGNAEVHASFFD,2,170.83,301.95,11,12.5
HSLSLAGERTWAETM,2,216.01,301.245,19,29.5
SDFEKVTGRIDKNVS,2,312.46,393.04,31,39.5
GKNQTLATIKAKENQ,2,238.9,315.905,30,36.5
FENGRVRVDTGSNWS,2,147.58,315.025,3.1,6.55
KGLTKYKSSPEKWST,2,180.31,299.79,13,21
LNTADTARLNANIRY,2,76.38,274.76,5.4,6.55
NLEVIQAEVKQENRL,1,384.36,384.36,26,26
VHGNAEVHASFFDIG,1,298.22,298.22,17,17
IGGSVSAGFSNSNSS,1,64.37,64.37,3.8,3.8
VERRIAAVNPSDPLE,1,901.71,901.71,4.9,4.9
NIHEKKGLTKYKSSP,1,263.88,263.88,20,20
NLQYQGKDITEFDFN,1,478.28,478.28,27,27
DIGGSVSAGFSNSNS,1,54.79,54.79,3.1,3.1
DHSLSLAGERTWAET,1,220.71,220.71,41,41
NIAVGADESVVKEAH,1,328.37,328.37,7,7
VDTGSNWSEVLPQIQ,1,1275.27,1275.27,8.4,8.4
IDHSLSLAGERTWAE,1,109.27,109.27,27,27
NLAPIALNAQDDFSS,1,1259.99,1259.99,8.1,8.1
EVHGNAEVHASFFDI,1,216.83,216.83,13,13
NGNLQYQGKDITEFD,1,369.44,369.44,21,21
KIQYQRENPTEKGLD,1,371.46,371.46,25,25
LAGERTWAETMGLNT,1,466.53,466.53,31,31
KNVSPEARHPLVAAY,1,461.95,461.95,34,34
LELEKTKQLRLDTDQ,1,328.65,328.65,24,24
LEVEGYTVDVKNKRT,1,163.97,163.97,3.8,3.8
AFGFNEPNGNLQYQG,1,258.73,258.73,5,5
YQGKDITEFDFNFDQ,1,608.11,608.11,9.8,9.8
LKQKSSNSRKKRSTS,1,200.65,200.65,16,16
YNFENGRVRVDTGSN,1,337.92,337.92,18,18
NFENGRVRVDTGSNW,1,194.32,194.32,4.2,4.2
LPELKQKSSNSRKKR,1,108.46,108.46,8.6,8.6
LQLPELKQKSSNSRK,1,393.41,393.41,26,26
WSEVLPQIQETTARI,1,352.17,352.17,20,20
IAVGADESVVKEAHR,1,451.7,451.7,9.4,9.4
ILIRDKRFHYDRNNI,1,35.1,35.1,0.52,0.52
VSPEARHPLVAAYPI,1,376.71,376.71,28,28
NFDQQTSQNIKNQLA,1,86.53,86.53,23,23
MVVTSSTTGDLSIPS,1,483.22,483.22,32,32
TSTSRTHTSEVHGNA,1,462.91,462.91,22,22
IAFGFNEPNGNLQYQ,1,92.58,92.58,2.2,2.2
SSTGNLEVIQAEVKQ,1,230.43,230.43,18,18
RIDKNVSPEARHPLV,1,344.94,344.94,6.1,6.1
ELKQKSSNSRKKRST,1,124.32,124.32,10,10
RKKRSTSAGPTVPDR,1,482.34,482.34,23,23
RRIAAVNPSDPLETT,1,383.92,383.92,20,20
RTHTSEVHGNAEVHA,1,444.98,444.98,22,22
ERRIAAVNPSDPLET,1,431.08,431.08,21,21
STGNLEVIQAEVKQE,1,251.97,251.97,19,19
ESESSSQGLLGYYFS,1,489.54,489.54,57,57
RTWAETMGLNTADTA,1,248.01,248.01,43,43
RVRVDTGSNWSEVLP,1,224.55,224.55,4.8,4.8
NTGTAPIYNVLPTTS,1,292.73,292.73,47,47
SRTHTSEVHGNAEVH,1,421.28,421.28,21,21
FDQQTSQNIKNQLAE,1,391.67,391.67,53,53
SDPYSDFEKVTGRID,1,465.14,465.14,31,31
SGFIKVKKSDEYTFA,1,111.16,111.16,6.7,6.7
SPWISNIHEKKGLTK,1,242.88,242.88,19,19
SPEKWSTASDPYSDF,1,379.27,379.27,18,18
SLEVEGYTVDVKNKR,1,197.39,197.39,4.7,4.7
EVEGYTVDVKNKRTF,1,114.39,114.39,2.8,2.8
SLSLAGERTWAETMG,1,454.65,454.65,22,22
RIAAVNPSDPLETTK,1,374.56,374.56,19,19
QYQGKDITEFDFNFD,1,610.16,610.16,9.8,9.8
GFIKVKKSDEYTFAT,1,209.9,209.9,13,13
EKVTGRIDKNVSPEA,1,645.44,645.44,9.9,9.9
IAAVNPSDPLETTKP,1,394.76,394.76,20,20
HTSEVHGNAEVHASF,1,204.31,204.31,12,12
DSQTRTISKNTSTSR,1,423.48,423.48,23,23
PEKWSTASDPYSDFE,1,346.01,346.01,17,17
PELKQKSSNSRKKRS,1,128.25,128.25,11,11
TSRTHTSEVHGNAEV,1,375.73,375.73,19,19
HEKKGLTKYKSSPEK,1,194.19,194.19,13,13
PMVVTSSTTGDLSIP,1,442.01,442.01,30,30
PNGNLQYQGKDITEF,1,301.59,301.59,17,17
GNLQYQGKDITEFDF,1,382.32,382.32,22,22
TMWVDDQEVINKASN,1,245.39,245.39,5.1,5.1
GNLEVIQAEVKQENR,1,300.89,300.89,22,22
GLNTADTARLNANIR,1,405.85,405.85,53,53
QLPELKQKSSNSRKK,1,177.88,177.88,15,15
EKKGLTKYKSSPEKW,1,124.42,124.42,8.5,8.5
GGSVSAGFSNSNSST,1,77.35,77.35,4.7,4.7
THTSEVHGNAEVHAS,1,290.71,290.71,16,16
TGSNWSEVLPQIQET,1,471.74,471.74,15,15
TGNLEVIQAEVKQEN,1,253.16,253.16,19,19
RLDTDQVYGNIATYN,1,504.15,504.15,8,8
