,Entry,Position,Residue,Exposed/Buried,RelativeSurfaceAccessilibity,HelixProbability,SheetProbability,CoilProbability,EpitopeProbability,Residue_IEDB,Score,Assignment,Concordant
0,WP_338259392.1,1,M,E,0.733,0.016,0.005,0.979,0.286333333,M,-0.01,.,TRUE
1,WP_338259392.1,2,K,E,0.433,0.113,0.043,0.844,0.349222222,K,-0.379,.,TRUE
2,WP_338259392.1,3,K,E,0.37,0.113,0.043,0.844,0.403777778,K,-0.652,.,TRUE
3,WP_338259392.1,4,R,E,0.325,0.184,0.043,0.773,0.464222222,R,-0.896,.,TRUE
4,WP_338259392.1,5,K,E,0.346,0.191,0.086,0.723,0.519777778,K,-0.887,.,TRUE
5,WP_338259392.1,6,V,B,0.308,0.191,0.086,0.723,0.533111111,V,-1.004,.,TRUE
6,WP_338259392.1,7,L,B,0.225,0.191,0.086,0.723,0.552333333,L,-1.205,.,TRUE
7,WP_338259392.1,8,I,B,0.238,0.191,0.086,0.723,0.545111111,I,-1.395,.,TRUE
8,WP_338259392.1,9,P,B,0.157,0.191,0.086,0.723,0.533777778,P,-1.71,.,TRUE
9,WP_338259392.1,10,L,B,0.199,0.191,0.086,0.723,0.533222222,L,-1.661,.,TRUE
10,WP_338259392.1,11,M,E,0.343,0.113,0.087,0.8,0.535555556,M,-1.459,.,TRUE
11,WP_338259392.1,12,A,E,0.315,0.113,0.043,0.844,0.539111111,A,-1.501,.,TRUE
12,WP_338259392.1,13,L,B,0.196,0.053,0.043,0.903,0.544444444,L,-1.541,.,TRUE
13,WP_338259392.1,14,S,E,0.403,0.053,0.043,0.903,0.551444444,S,-1.652,.,TRUE
14,WP_338259392.1,15,T,E,0.338,0.113,0.043,0.844,0.573333333,T,-1.315,.,TRUE
15,WP_338259392.1,16,I,B,0.238,0.113,0.087,0.8,0.570222222,I,-0.992,.,TRUE
16,WP_338259392.1,17,L,B,0.226,0.113,0.087,0.8,0.588,L,-0.656,.,TRUE
17,WP_338259392.1,18,V,B,0.241,0.113,0.043,0.844,0.600111111,V,-0.244,.,TRUE
18,WP_338259392.1,19,S,E,0.422,0.113,0.043,0.844,0.598666667,S,-0.126,.,TRUE
19,WP_338259392.1,20,S,E,0.46,0.115,0.016,0.868,0.590222222,S,-0.306,.,TRUE
20,WP_338259392.1,21,T,E,0.334,0.115,0.016,0.868,0.596555556,T,0.02,.,TRUE
21,WP_338259392.1,22,G,B,0.265,0.184,0.043,0.773,0.593444444,G,0.146,.,TRUE
22,WP_338259392.1,23,N,E,0.335,0.184,0.043,0.773,0.581555556,N,0.13,.,TRUE
23,WP_338259392.1,24,L,B,0.146,0.278,0.093,0.628,0.560888889,L,0.127,.,TRUE
24,WP_338259392.1,25,E,B,0.198,0.278,0.093,0.628,0.544888889,E,-0.072,.,TRUE
25,WP_338259392.1,26,V,B,0.187,0.307,0.165,0.527,0.532777778,V,-0.107,.,TRUE
26,WP_338259392.1,27,I,B,0.137,0.278,0.093,0.628,0.519,I,-0.316,.,TRUE
27,WP_338259392.1,28,Q,B,0.167,0.354,0.048,0.598,0.521333333,Q,-0.35,.,TRUE
28,WP_338259392.1,29,A,B,0.197,0.455,0.046,0.498,0.532666667,A,0.009,.,TRUE
29,WP_338259392.1,30,E,B,0.145,0.455,0.046,0.498,0.524555556,E,0.176,.,TRUE
30,WP_338259392.1,31,V,B,0.15,0.561,0.047,0.393,0.524222222,V,0.492,E,TRUE
31,WP_338259392.1,32,K,B,0.228,0.561,0.047,0.393,0.542222222,K,0.687,E,TRUE
32,WP_338259392.1,33,Q,B,0.275,0.455,0.046,0.498,0.542666667,Q,0.299,.,TRUE
33,WP_338259392.1,34,E,B,0.153,0.354,0.048,0.598,0.547444444,E,0.027,.,TRUE
34,WP_338259392.1,35,N,E,0.306,0.278,0.093,0.628,0.553,N,-0.068,.,TRUE
35,WP_338259392.1,36,R,B,0.193,0.199,0.152,0.649,0.571222222,R,0.175,.,TRUE
36,WP_338259392.1,37,L,B,0.173,0.199,0.152,0.649,0.578777778,L,0.26,.,TRUE
37,WP_338259392.1,38,L,B,0.165,0.199,0.152,0.649,0.586222222,L,0.376,E,TRUE
38,WP_338259392.1,39,N,E,0.39,0.191,0.086,0.723,0.608111111,N,0.394,E,TRUE
39,WP_338259392.1,40,E,B,0.234,0.113,0.043,0.844,0.623888889,E,0.494,E,TRUE
40,WP_338259392.1,41,S,E,0.457,0.053,0.043,0.903,0.620222222,S,0.74,E,TRUE
41,WP_338259392.1,42,E,B,0.265,0.018,0.019,0.964,0.63,E,1.193,E,TRUE
42,WP_338259392.1,43,S,E,0.441,0.018,0.019,0.964,0.627222222,S,1.552,E,TRUE
43,WP_338259392.1,44,S,E,0.45,0.018,0.019,0.964,0.606888889,S,1.245,E,TRUE
44,WP_338259392.1,45,S,E,0.412,0.018,0.019,0.964,0.587444444,S,0.811,E,TRUE
45,WP_338259392.1,46,Q,B,0.183,0.018,0.047,0.935,0.559888889,Q,0.583,E,TRUE
46,WP_338259392.1,47,G,B,0.135,0.019,0.141,0.84,0.537222222,G,0.176,.,TRUE
47,WP_338259392.1,48,L,B,0.112,0.022,0.359,0.619,0.513222222,L,-0.123,.,TRUE
48,WP_338259392.1,49,L,B,0.116,0.022,0.359,0.619,0.487666667,L,-0.58,.,TRUE
49,WP_338259392.1,50,G,B,0.115,0.066,0.296,0.638,0.483555556,G,-0.763,.,TRUE
50,WP_338259392.1,51,Y,B,0.194,0.064,0.216,0.721,0.480666667,Y,-0.753,.,TRUE
51,WP_338259392.1,52,Y,B,0.206,0.056,0.142,0.802,0.479222222,Y,-1.067,.,TRUE
52,WP_338259392.1,53,F,B,0.116,0.056,0.142,0.802,0.501444444,F,-0.752,.,TRUE
53,WP_338259392.1,54,S,E,0.327,0.118,0.15,0.732,0.497,S,-0.763,.,TRUE
54,WP_338259392.1,55,D,B,0.203,0.113,0.087,0.8,0.511555556,D,-0.553,.,TRUE
55,WP_338259392.1,56,L,B,0.133,0.113,0.087,0.8,0.504444444,L,-0.361,.,TRUE
56,WP_338259392.1,57,N,E,0.279,0.113,0.087,0.8,0.499333333,N,-0.209,.,TRUE
57,WP_338259392.1,58,F,B,0.182,0.056,0.142,0.802,0.512222222,F,-0.082,.,TRUE
58,WP_338259392.1,59,Q,B,0.183,0.056,0.142,0.802,0.513777778,Q,-0.216,.,TRUE
59,WP_338259392.1,60,A,B,0.185,0.018,0.088,0.893,0.510111111,A,-0.549,.,TRUE
60,WP_338259392.1,61,P,B,0.094,0.02,0.205,0.775,0.524333333,P,-0.218,.,TRUE
61,WP_338259392.1,62,M,E,0.282,0.021,0.279,0.699,0.530333333,M,-0.14,.,TRUE
62,WP_338259392.1,63,V,B,0.209,0.021,0.279,0.699,0.560111111,V,0.337,.,TRUE
63,WP_338259392.1,64,V,B,0.215,0.019,0.141,0.84,0.569555556,V,0.333,.,TRUE
64,WP_338259392.1,65,T,B,0.306,0.018,0.047,0.935,0.595777778,T,0.515,E,TRUE
65,WP_338259392.1,66,S,E,0.435,0.018,0.019,0.964,0.610666667,S,0.597,E,TRUE
66,WP_338259392.1,67,S,E,0.474,0.018,0.019,0.964,0.611888889,S,0.952,E,TRUE
67,WP_338259392.1,68,T,E,0.354,0.018,0.019,0.964,0.606666667,T,0.819,E,TRUE
68,WP_338259392.1,69,T,E,0.366,0.053,0.043,0.903,0.610444444,T,1.159,E,TRUE
69,WP_338259392.1,70,G,B,0.274,0.053,0.043,0.903,0.594444444,G,0.931,E,TRUE
70,WP_338259392.1,71,D,B,0.238,0.113,0.043,0.844,0.574888889,D,0.912,E,TRUE
71,WP_338259392.1,72,L,B,0.145,0.113,0.087,0.8,0.556333333,L,0.945,E,TRUE
72,WP_338259392.1,73,S,E,0.409,0.113,0.087,0.8,0.547555556,S,0.981,E,TRUE
73,WP_338259392.1,74,I,B,0.214,0.053,0.043,0.903,0.537555556,I,0.934,E,TRUE
74,WP_338259392.1,75,P,B,0.109,0.053,0.043,0.903,0.524444444,P,0.594,E,TRUE
75,WP_338259392.1,76,S,E,0.375,0.058,0.017,0.925,0.519,S,0.452,E,TRUE
76,WP_338259392.1,77,S,E,0.436,0.113,0.043,0.844,0.527,S,0.836,E,TRUE
77,WP_338259392.1,78,E,B,0.198,0.113,0.043,0.844,0.516777778,E,0.604,E,TRUE
78,WP_338259392.1,79,L,B,0.114,0.113,0.087,0.8,0.515222222,L,0.897,E,TRUE
79,WP_338259392.1,80,E,B,0.166,0.113,0.087,0.8,0.523222222,E,0.993,E,TRUE
80,WP_338259392.1,81,N,E,0.282,0.113,0.087,0.8,0.524,N,1.086,E,TRUE
81,WP_338259392.1,82,I,B,0.136,0.118,0.15,0.732,0.523333333,I,1.04,E,TRUE
82,WP_338259392.1,83,P,B,0.067,0.113,0.087,0.8,0.527444444,P,0.963,E,TRUE
83,WP_338259392.1,84,S,E,0.352,0.052,0.084,0.864,0.546,S,1.075,E,TRUE
84,WP_338259392.1,85,E,B,0.189,0.053,0.043,0.903,0.531444444,E,0.75,E,TRUE
85,WP_338259392.1,86,N,E,0.295,0.018,0.088,0.893,0.523222222,N,0.677,E,TRUE
86,WP_338259392.1,87,Q,B,0.251,0.018,0.088,0.893,0.525444444,Q,0.818,E,TRUE
87,WP_338259392.1,88,Y,B,0.246,0.019,0.141,0.84,0.531777778,Y,0.684,E,TRUE
88,WP_338259392.1,89,F,B,0.106,0.018,0.088,0.893,0.525222222,F,0.268,.,TRUE
89,WP_338259392.1,90,Q,B,0.17,0.018,0.088,0.893,0.515555556,Q,-0.259,.,TRUE
90,WP_338259392.1,91,S,E,0.289,0.018,0.088,0.893,0.503666667,S,-0.372,.,TRUE
91,WP_338259392.1,92,A,B,0.204,0.018,0.088,0.893,0.491111111,A,-0.409,.,TRUE
92,WP_338259392.1,93,I,B,0.141,0.053,0.043,0.903,0.470666667,I,-0.57,.,TRUE
93,WP_338259392.1,94,W,B,0.115,0.058,0.017,0.925,0.473333333,W,-0.611,.,TRUE
94,WP_338259392.1,95,S,E,0.285,0.339,0.016,0.645,0.469222222,S,-0.721,.,TRUE
95,WP_338259392.1,96,G,B,0.164,0.43,0.016,0.555,0.464222222,G,-0.947,.,TRUE
96,WP_338259392.1,97,F,B,0.089,0.455,0.046,0.498,0.464222222,F,-0.851,.,TRUE
97,WP_338259392.1,98,I,B,0.097,0.455,0.046,0.498,0.468111111,I,-0.538,.,TRUE
98,WP_338259392.1,99,K,B,0.17,0.455,0.046,0.498,0.482,K,-0.134,.,TRUE
99,WP_338259392.1,100,V,B,0.157,0.455,0.046,0.498,0.490333333,V,0.052,.,TRUE
100,WP_338259392.1,101,K,B,0.152,0.43,0.016,0.555,0.496555556,K,0.212,.,TRUE
101,WP_338259392.1,102,K,B,0.188,0.268,0.043,0.689,0.505666667,K,0.4,E,TRUE
102,WP_338259392.1,103,S,E,0.35,0.113,0.043,0.844,0.517333333,S,0.736,E,TRUE
103,WP_338259392.1,104,D,B,0.184,0.053,0.043,0.903,0.519777778,D,0.533,E,TRUE
104,WP_338259392.1,105,E,B,0.163,0.018,0.047,0.935,0.526333333,E,0.708,E,TRUE
105,WP_338259392.1,106,Y,B,0.17,0.018,0.088,0.893,0.527222222,Y,0.709,E,TRUE
106,WP_338259392.1,107,T,B,0.201,0.019,0.141,0.84,0.540444444,T,0.79,E,TRUE
107,WP_338259392.1,108,F,B,0.148,0.018,0.088,0.893,0.536333333,F,0.685,E,TRUE
108,WP_338259392.1,109,A,B,0.17,0.018,0.088,0.893,0.55,A,0.68,E,TRUE
109,WP_338259392.1,110,T,B,0.244,0.052,0.084,0.864,0.566333333,T,0.595,E,TRUE
110,WP_338259392.1,111,S,E,0.413,0.053,0.043,0.903,0.576333333,S,0.684,E,TRUE
111,WP_338259392.1,112,A,B,0.288,0.018,0.019,0.964,0.572555556,A,0.446,E,TRUE
112,WP_338259392.1,113,D,B,0.224,0.018,0.047,0.935,0.583888889,D,0.681,E,TRUE
113,WP_338259392.1,114,N,E,0.395,0.018,0.047,0.935,0.595222222,N,0.456,E,TRUE
114,WP_338259392.1,115,H,E,0.453,0.018,0.088,0.893,0.601777778,H,0.101,.,TRUE
115,WP_338259392.1,116,V,B,0.164,0.02,0.205,0.775,0.590444444,V,-0.224,.,TRUE
116,WP_338259392.1,117,T,B,0.282,0.021,0.279,0.699,0.594333333,T,-0.091,.,TRUE
117,WP_338259392.1,118,M,E,0.301,0.021,0.279,0.699,0.581,M,-0.085,.,TRUE
118,WP_338259392.1,119,W,B,0.223,0.066,0.296,0.638,0.568888889,W,-0.043,.,TRUE
119,WP_338259392.1,120,V,B,0.17,0.066,0.296,0.638,0.562333333,V,0.048,.,TRUE
120,WP_338259392.1,121,D,B,0.233,0.056,0.142,0.802,0.562444444,D,0.092,.,TRUE
121,WP_338259392.1,122,D,B,0.159,0.052,0.084,0.864,0.555888889,D,-0.134,.,TRUE
122,WP_338259392.1,123,Q,B,0.214,0.056,0.142,0.802,0.556444444,Q,0.151,.,TRUE
123,WP_338259392.1,124,E,B,0.169,0.064,0.216,0.721,0.557,E,0.504,E,TRUE
124,WP_338259392.1,125,V,B,0.143,0.064,0.216,0.721,0.565666667,V,0.69,E,TRUE
125,WP_338259392.1,126,I,B,0.13,0.064,0.216,0.721,0.574777778,I,0.645,E,TRUE
126,WP_338259392.1,127,N,E,0.305,0.118,0.15,0.732,0.586777778,N,0.594,E,TRUE
127,WP_338259392.1,128,K,B,0.221,0.113,0.087,0.8,0.585888889,K,0.612,E,TRUE
128,WP_338259392.1,129,A,B,0.195,0.113,0.043,0.844,0.586,A,0.619,E,TRUE
129,WP_338259392.1,130,S,E,0.397,0.113,0.043,0.844,0.587444444,S,0.818,E,TRUE
130,WP_338259392.1,131,N,E,0.393,0.184,0.043,0.773,0.576,N,0.756,E,TRUE
131,WP_338259392.1,132,S,E,0.331,0.268,0.043,0.689,0.551555556,S,0.659,E,TRUE
132,WP_338259392.1,133,N,E,0.294,0.354,0.048,0.598,0.523666667,N,0.258,.,TRUE
133,WP_338259392.1,134,K,B,0.122,0.455,0.046,0.498,0.495666667,K,0.327,.,TRUE
134,WP_338259392.1,135,I,B,0.12,0.455,0.046,0.498,0.469888889,I,0.234,.,TRUE
135,WP_338259392.1,136,R,B,0.076,0.605,0.105,0.29,0.437111111,R,0.126,.,TRUE
136,WP_338259392.1,137,L,B,0.099,0.561,0.047,0.393,0.413,L,-0.034,.,TRUE
137,WP_338259392.1,138,E,B,0.085,0.66,0.049,0.291,0.392777778,E,-0.408,.,TRUE
138,WP_338259392.1,139,K,B,0.093,0.66,0.049,0.291,0.382333333,K,-0.661,.,TRUE
139,WP_338259392.1,140,G,B,0.096,0.66,0.049,0.291,0.375444444,G,-0.382,.,TRUE
140,WP_338259392.1,141,R,B,0.075,0.561,0.047,0.393,0.370777778,R,-0.638,.,TRUE
141,WP_338259392.1,142,L,B,0.099,0.561,0.047,0.393,0.388888889,L,-0.304,.,TRUE
142,WP_338259392.1,143,Y,B,0.113,0.561,0.047,0.393,0.403555556,Y,-0.722,.,TRUE
143,WP_338259392.1,144,Q,B,0.101,0.455,0.046,0.498,0.413555556,Q,-0.743,.,TRUE
144,WP_338259392.1,145,I,B,0.098,0.455,0.046,0.498,0.427222222,I,-0.947,.,TRUE
145,WP_338259392.1,146,K,B,0.125,0.502,0.102,0.396,0.450444444,K,-0.846,.,TRUE
146,WP_338259392.1,147,I,B,0.122,0.386,0.097,0.517,0.466,I,-0.507,.,TRUE
147,WP_338259392.1,148,Q,B,0.171,0.354,0.048,0.598,0.487222222,Q,-0.032,.,TRUE
148,WP_338259392.1,149,Y,B,0.177,0.354,0.048,0.598,0.508888889,Y,0.245,.,TRUE
149,WP_338259392.1,150,Q,B,0.155,0.354,0.048,0.598,0.519777778,Q,0.733,E,TRUE
150,WP_338259392.1,151,R,B,0.119,0.268,0.043,0.689,0.519555556,R,0.961,E,TRUE
151,WP_338259392.1,152,E,B,0.161,0.184,0.043,0.773,0.526222222,E,1.576,E,TRUE
152,WP_338259392.1,153,N,E,0.278,0.191,0.086,0.723,0.531,N,1.622,E,TRUE
153,WP_338259392.1,154,P,B,0.06,0.113,0.087,0.8,0.539222222,P,1.872,E,TRUE
154,WP_338259392.1,155,T,B,0.212,0.113,0.043,0.844,0.525555556,T,1.501,E,TRUE
155,WP_338259392.1,156,E,B,0.141,0.113,0.043,0.844,0.518111111,E,1.564,E,TRUE
156,WP_338259392.1,157,K,B,0.172,0.113,0.087,0.8,0.499777778,K,0.933,E,TRUE
157,WP_338259392.1,158,G,B,0.115,0.118,0.15,0.732,0.495,G,0.669,E,TRUE
158,WP_338259392.1,159,L,B,0.112,0.125,0.227,0.648,0.491666667,L,0.13,.,TRUE
159,WP_338259392.1,160,D,B,0.112,0.064,0.216,0.721,0.493222222,D,-0.241,.,TRUE
160,WP_338259392.1,161,F,B,0.093,0.064,0.216,0.721,0.486555556,F,-0.821,.,TRUE
161,WP_338259392.1,162,K,B,0.153,0.064,0.216,0.721,0.483333333,K,-0.801,.,TRUE
162,WP_338259392.1,163,L,B,0.126,0.064,0.216,0.721,0.488333333,L,-0.675,.,TRUE
163,WP_338259392.1,164,Y,B,0.183,0.064,0.216,0.721,0.501222222,Y,-0.224,.,TRUE
164,WP_338259392.1,165,W,B,0.136,0.052,0.084,0.864,0.524444444,W,-0.187,.,TRUE
165,WP_338259392.1,166,T,B,0.276,0.184,0.043,0.773,0.540111111,T,0.344,.,TRUE
166,WP_338259392.1,167,D,B,0.234,0.268,0.043,0.689,0.544222222,D,0.504,E,TRUE
167,WP_338259392.1,168,S,E,0.366,0.339,0.016,0.645,0.561555556,S,0.944,E,TRUE
168,WP_338259392.1,169,Q,B,0.279,0.268,0.043,0.689,0.572777778,Q,1.142,E,TRUE
169,WP_338259392.1,170,N,E,0.363,0.184,0.043,0.773,0.579666667,N,1.25,E,TRUE
170,WP_338259392.1,171,K,B,0.2,0.184,0.043,0.773,0.587,K,0.903,E,TRUE
171,WP_338259392.1,172,K,B,0.214,0.113,0.043,0.844,0.588777778,K,0.735,E,TRUE
172,WP_338259392.1,173,E,B,0.244,0.113,0.087,0.8,0.600666667,E,0.677,E,TRUE
173,WP_338259392.1,174,V,B,0.231,0.056,0.142,0.802,0.595222222,V,0.694,E,TRUE
174,WP_338259392.1,175,I,B,0.163,0.052,0.084,0.864,0.597,I,0.647,E,TRUE
175,WP_338259392.1,176,S,E,0.381,0.053,0.043,0.903,0.594333333,S,0.207,.,TRUE
176,WP_338259392.1,177,S,E,0.439,0.053,0.043,0.903,0.589,S,0.215,.,TRUE
177,WP_338259392.1,178,D,B,0.231,0.113,0.043,0.844,0.571444444,D,-0.062,.,TRUE
178,WP_338259392.1,179,N,B,0.256,0.184,0.043,0.773,0.560666667,N,0.125,.,TRUE
179,WP_338259392.1,180,L,B,0.151,0.191,0.086,0.723,0.549666667,L,0.493,E,TRUE
180,WP_338259392.1,181,Q,B,0.169,0.278,0.093,0.628,0.531777778,Q,0.271,.,TRUE
181,WP_338259392.1,182,L,B,0.114,0.278,0.093,0.628,0.521444444,L,0.207,.,TRUE
182,WP_338259392.1,183,P,B,0.092,0.278,0.093,0.628,0.519555556,P,0.087,.,TRUE
183,WP_338259392.1,184,E,B,0.173,0.278,0.093,0.628,0.523888889,E,0.107,.,TRUE
184,WP_338259392.1,185,L,B,0.136,0.278,0.093,0.628,0.536777778,L,0.57,E,TRUE
185,WP_338259392.1,186,K,B,0.197,0.268,0.043,0.689,0.548888889,K,0.648,E,TRUE
186,WP_338259392.1,187,Q,B,0.258,0.184,0.043,0.773,0.569666667,Q,1.026,E,TRUE
187,WP_338259392.1,188,K,B,0.214,0.184,0.043,0.773,0.586777778,K,1.138,E,TRUE
188,WP_338259392.1,189,S,E,0.362,0.181,0.016,0.803,0.604222222,S,1.083,E,TRUE
189,WP_338259392.1,190,S,E,0.45,0.257,0.016,0.727,0.637333333,S,1.308,E,TRUE
190,WP_338259392.1,191,N,E,0.383,0.354,0.048,0.598,0.655666667,N,1.327,E,TRUE
191,WP_338259392.1,192,S,E,0.406,0.339,0.016,0.645,0.668444444,S,1.337,E,TRUE
192,WP_338259392.1,193,R,B,0.243,0.354,0.048,0.598,0.667555556,R,1.335,E,TRUE
193,WP_338259392.1,194,K,B,0.261,0.354,0.048,0.598,0.667111111,K,1.291,E,TRUE
194,WP_338259392.1,195,K,E,0.321,0.268,0.043,0.689,0.662222222,K,1.31,E,TRUE
195,WP_338259392.1,196,R,B,0.224,0.115,0.016,0.868,0.650222222,R,1.314,E,TRUE
196,WP_338259392.1,197,S,E,0.39,0.053,0.043,0.903,0.640555556,S,1.437,E,TRUE
197,WP_338259392.1,198,T,B,0.294,0.018,0.019,0.964,0.621888889,T,1.492,E,TRUE
198,WP_338259392.1,199,S,E,0.414,0.018,0.019,0.964,0.598444444,S,1.707,E,TRUE
199,WP_338259392.1,200,A,B,0.265,0.053,0.043,0.903,0.577333333,A,1.73,E,TRUE
200,WP_338259392.1,201,G,B,0.169,0.053,0.043,0.903,0.556111111,G,1.756,E,TRUE
201,WP_338259392.1,202,P,B,0.084,0.113,0.087,0.8,0.549555556,P,1.908,E,TRUE
202,WP_338259392.1,203,T,E,0.291,0.113,0.087,0.8,0.542888889,T,2.01,E,TRUE
203,WP_338259392.1,204,V,B,0.15,0.113,0.087,0.8,0.533333333,V,2.089,E,TRUE
204,WP_338259392.1,205,P,B,0.12,0.113,0.087,0.8,0.532111111,P,2.132,E,TRUE
205,WP_338259392.1,206,D,B,0.209,0.113,0.087,0.8,0.537666667,D,2.098,E,TRUE
206,WP_338259392.1,207,R,B,0.168,0.052,0.084,0.864,0.540222222,R,2.175,E,TRUE
207,WP_338259392.1,208,D,B,0.152,0.052,0.084,0.864,0.533111111,D,1.83,E,TRUE
208,WP_338259392.1,209,N,B,0.245,0.056,0.142,0.802,0.522222222,N,1.878,E,TRUE
209,WP_338259392.1,210,D,B,0.158,0.056,0.142,0.802,0.528333333,D,1.982,E,TRUE
210,WP_338259392.1,211,G,B,0.131,0.056,0.142,0.802,0.527555556,G,1.907,E,TRUE
211,WP_338259392.1,212,I,B,0.147,0.064,0.216,0.721,0.516777778,I,1.422,E,TRUE
212,WP_338259392.1,213,P,B,0.1,0.064,0.216,0.721,0.513555556,P,1.239,E,TRUE
213,WP_338259392.1,214,D,B,0.176,0.052,0.084,0.864,0.503777778,D,0.899,E,TRUE
214,WP_338259392.1,215,S,E,0.289,0.018,0.088,0.893,0.507444444,S,0.823,E,TRUE
215,WP_338259392.1,216,L,B,0.12,0.056,0.142,0.802,0.503222222,L,0.715,E,TRUE
216,WP_338259392.1,217,E,B,0.139,0.064,0.216,0.721,0.508333333,E,0.707,E,TRUE
217,WP_338259392.1,218,V,B,0.144,0.064,0.216,0.721,0.512222222,V,0.655,E,TRUE
218,WP_338259392.1,219,E,B,0.153,0.064,0.216,0.721,0.503777778,E,0.284,.,TRUE
219,WP_338259392.1,220,G,B,0.101,0.064,0.216,0.721,0.495888889,G,0.21,.,TRUE
220,WP_338259392.1,221,Y,B,0.143,0.056,0.142,0.802,0.495666667,Y,0.333,.,TRUE
221,WP_338259392.1,222,T,B,0.149,0.199,0.152,0.649,0.507555556,T,0.346,.,TRUE
222,WP_338259392.1,223,V,B,0.128,0.278,0.093,0.628,0.521444444,V,0.56,E,TRUE
223,WP_338259392.1,224,D,B,0.153,0.354,0.048,0.598,0.514888889,D,0.514,E,TRUE
224,WP_338259392.1,225,V,B,0.136,0.455,0.046,0.498,0.521444444,V,0.426,E,TRUE
225,WP_338259392.1,226,K,B,0.186,0.561,0.047,0.393,0.53,K,0.447,E,TRUE
226,WP_338259392.1,227,N,E,0.304,0.455,0.046,0.498,0.529111111,N,0.029,.,TRUE
227,WP_338259392.1,228,K,B,0.19,0.268,0.043,0.689,0.521333333,K,-0.024,.,TRUE
228,WP_338259392.1,229,R,B,0.17,0.184,0.043,0.773,0.525444444,R,-0.061,.,TRUE
229,WP_338259392.1,230,T,E,0.296,0.113,0.087,0.8,0.529444444,T,0.089,.,TRUE
230,WP_338259392.1,231,F,B,0.212,0.052,0.084,0.864,0.519444444,F,-0.156,.,TRUE
231,WP_338259392.1,232,L,B,0.11,0.018,0.047,0.935,0.507333333,L,-0.355,.,TRUE
232,WP_338259392.1,233,S,E,0.355,0.053,0.043,0.903,0.499888889,S,-0.439,.,TRUE
233,WP_338259392.1,234,P,B,0.142,0.052,0.084,0.864,0.505555556,P,-0.437,.,TRUE
234,WP_338259392.1,235,W,B,0.153,0.113,0.087,0.8,0.503444444,W,-0.617,.,TRUE
235,WP_338259392.1,236,I,B,0.121,0.113,0.087,0.8,0.516777778,I,-0.319,.,TRUE
236,WP_338259392.1,237,S,E,0.387,0.268,0.043,0.689,0.531777778,S,-0.019,.,TRUE
237,WP_338259392.1,238,N,E,0.328,0.268,0.043,0.689,0.527222222,N,0.003,.,TRUE
238,WP_338259392.1,239,I,B,0.166,0.268,0.043,0.689,0.527111111,I,0.075,.,TRUE
239,WP_338259392.1,240,H,B,0.22,0.354,0.048,0.598,0.524777778,H,0.306,.,TRUE
240,WP_338259392.1,241,E,B,0.167,0.268,0.043,0.689,0.524888889,E,0.196,.,TRUE
241,WP_338259392.1,242,K,B,0.129,0.354,0.048,0.598,0.532888889,K,0.232,.,TRUE
242,WP_338259392.1,243,K,B,0.148,0.386,0.097,0.517,0.532444444,K,0.24,.,TRUE
243,WP_338259392.1,244,G,B,0.127,0.307,0.165,0.527,0.534777778,G,0.402,E,TRUE
244,WP_338259392.1,245,L,B,0.099,0.307,0.165,0.527,0.534222222,L,0.521,E,TRUE
245,WP_338259392.1,246,T,B,0.227,0.191,0.086,0.723,0.531888889,T,0.651,E,TRUE
246,WP_338259392.1,247,K,B,0.234,0.191,0.086,0.723,0.540555556,K,0.784,E,TRUE
247,WP_338259392.1,248,Y,E,0.273,0.113,0.043,0.844,0.535666667,Y,0.874,E,TRUE
248,WP_338259392.1,249,K,B,0.177,0.113,0.043,0.844,0.550111111,K,1.067,E,TRUE
249,WP_338259392.1,250,S,E,0.406,0.053,0.043,0.903,0.571222222,S,1.525,E,TRUE
250,WP_338259392.1,251,S,E,0.363,0.053,0.043,0.903,0.576888889,S,1.294,E,TRUE
251,WP_338259392.1,252,P,B,0.105,0.053,0.043,0.903,0.583444444,P,1.407,E,TRUE
252,WP_338259392.1,253,E,B,0.237,0.053,0.043,0.903,0.580111111,E,1.592,E,TRUE
253,WP_338259392.1,254,K,B,0.211,0.018,0.088,0.893,0.567444444,K,1.572,E,TRUE
254,WP_338259392.1,255,W,B,0.16,0.018,0.088,0.893,0.570555556,W,1.627,E,TRUE
255,WP_338259392.1,256,S,E,0.327,0.018,0.088,0.893,0.574,S,1.677,E,TRUE
256,WP_338259392.1,257,T,B,0.288,0.018,0.047,0.935,0.579555556,T,1.658,E,TRUE
257,WP_338259392.1,258,A,B,0.194,0.018,0.019,0.964,0.575555556,A,1.472,E,TRUE
258,WP_338259392.1,259,S,E,0.413,0.053,0.043,0.903,0.560222222,S,1.423,E,TRUE
259,WP_338259392.1,260,D,B,0.172,0.018,0.047,0.935,0.552111111,D,1.764,E,TRUE
260,WP_338259392.1,261,P,B,0.101,0.053,0.043,0.903,0.528666667,P,1.423,E,TRUE
261,WP_338259392.1,262,Y,B,0.194,0.052,0.084,0.864,0.529111111,Y,1.384,E,TRUE
262,WP_338259392.1,263,S,E,0.28,0.052,0.084,0.864,0.534888889,S,1.336,E,TRUE
263,WP_338259392.1,264,D,B,0.145,0.052,0.084,0.864,0.526222222,D,0.986,E,TRUE
264,WP_338259392.1,265,F,B,0.098,0.113,0.087,0.8,0.513444444,F,0.755,E,TRUE
265,WP_338259392.1,266,E,B,0.113,0.118,0.15,0.732,0.502222222,E,0.636,E,TRUE
266,WP_338259392.1,267,K,B,0.135,0.118,0.15,0.732,0.492777778,K,0.617,E,TRUE
267,WP_338259392.1,268,V,B,0.1,0.118,0.15,0.732,0.484777778,V,0.255,.,TRUE
268,WP_338259392.1,269,T,B,0.172,0.199,0.152,0.649,0.485888889,T,0.243,.,TRUE
269,WP_338259392.1,270,G,B,0.159,0.199,0.152,0.649,0.505,G,0.482,E,TRUE
270,WP_338259392.1,271,R,B,0.134,0.199,0.152,0.649,0.504777778,R,0.524,E,TRUE
271,WP_338259392.1,272,I,B,0.129,0.191,0.086,0.723,0.504555556,I,0.478,E,TRUE
272,WP_338259392.1,273,D,B,0.165,0.191,0.086,0.723,0.513111111,D,0.768,E,TRUE
273,WP_338259392.1,274,K,B,0.206,0.191,0.086,0.723,0.512,K,0.816,E,TRUE
274,WP_338259392.1,275,N,E,0.334,0.113,0.087,0.8,0.524777778,N,1.044,E,TRUE
275,WP_338259392.1,276,V,B,0.136,0.113,0.087,0.8,0.523333333,V,1.068,E,TRUE
276,WP_338259392.1,277,S,E,0.288,0.113,0.087,0.8,0.531777778,S,1.404,E,TRUE
277,WP_338259392.1,278,P,B,0.106,0.191,0.086,0.723,0.534222222,P,1.27,E,TRUE
278,WP_338259392.1,279,E,B,0.205,0.113,0.087,0.8,0.520888889,E,1.208,E,TRUE
279,WP_338259392.1,280,A,B,0.208,0.113,0.087,0.8,0.497777778,A,0.835,E,TRUE
280,WP_338259392.1,281,R,B,0.132,0.052,0.084,0.864,0.489111111,R,0.765,E,TRUE
281,WP_338259392.1,282,H,E,0.253,0.052,0.084,0.864,0.474777778,H,0.444,E,TRUE
282,WP_338259392.1,283,P,B,0.07,0.056,0.142,0.802,0.464555556,P,0.369,E,TRUE
283,WP_338259392.1,284,L,B,0.117,0.064,0.216,0.721,0.450111111,L,0.072,.,TRUE
284,WP_338259392.1,285,V,B,0.135,0.056,0.142,0.802,0.441222222,V,-0.024,.,TRUE
285,WP_338259392.1,286,A,B,0.17,0.052,0.084,0.864,0.436555556,A,-0.404,.,TRUE
286,WP_338259392.1,287,A,B,0.151,0.052,0.084,0.864,0.430111111,A,-0.578,.,TRUE
287,WP_338259392.1,288,Y,B,0.167,0.056,0.142,0.802,0.440888889,Y,-0.66,.,TRUE
288,WP_338259392.1,289,P,B,0.075,0.056,0.142,0.802,0.459555556,P,-0.649,.,TRUE
289,WP_338259392.1,290,I,B,0.145,0.064,0.216,0.721,0.467,I,-0.451,.,TRUE
290,WP_338259392.1,291,V,B,0.204,0.118,0.15,0.732,0.471888889,V,-0.485,.,TRUE
291,WP_338259392.1,292,H,E,0.298,0.113,0.087,0.8,0.493222222,H,-0.449,.,TRUE
292,WP_338259392.1,293,V,B,0.186,0.118,0.15,0.732,0.508222222,V,-0.435,.,TRUE
293,WP_338259392.1,294,D,B,0.191,0.056,0.142,0.802,0.52,D,-0.769,.,TRUE
294,WP_338259392.1,295,M,B,0.258,0.056,0.142,0.802,0.518333333,M,-0.879,.,TRUE
295,WP_338259392.1,296,E,B,0.177,0.064,0.216,0.721,0.517111111,E,-1.102,.,TRUE
296,WP_338259392.1,297,N,B,0.259,0.064,0.216,0.721,0.512777778,N,-0.976,.,TRUE
297,WP_338259392.1,298,I,B,0.138,0.066,0.296,0.638,0.522111111,I,-0.666,.,TRUE
298,WP_338259392.1,299,I,B,0.143,0.066,0.296,0.638,0.531555556,I,-0.58,.,TRUE
299,WP_338259392.1,300,L,B,0.151,0.125,0.227,0.648,0.544222222,L,-0.224,.,TRUE
300,WP_338259392.1,301,S,E,0.36,0.191,0.086,0.723,0.545111111,S,-0.043,.,TRUE
301,WP_338259392.1,302,K,B,0.221,0.113,0.043,0.844,0.555777778,K,0.164,.,TRUE
302,WP_338259392.1,303,N,E,0.362,0.113,0.043,0.844,0.572222222,N,0.686,E,TRUE
303,WP_338259392.1,304,E,B,0.211,0.053,0.043,0.903,0.588,E,1.171,E,TRUE
304,WP_338259392.1,305,D,B,0.198,0.052,0.084,0.864,0.614666667,D,1.712,E,TRUE
305,WP_338259392.1,306,Q,B,0.209,0.052,0.084,0.864,0.631666667,Q,1.891,E,TRUE
306,WP_338259392.1,307,S,E,0.364,0.052,0.084,0.864,0.639111111,S,1.977,E,TRUE
307,WP_338259392.1,308,T,B,0.257,0.052,0.084,0.864,0.642444444,T,2.037,E,TRUE
308,WP_338259392.1,309,Q,E,0.3,0.052,0.084,0.864,0.646666667,Q,2.014,E,TRUE
309,WP_338259392.1,310,N,E,0.367,0.018,0.047,0.935,0.648666667,N,1.898,E,TRUE
310,WP_338259392.1,311,T,E,0.327,0.052,0.084,0.864,0.639777778,T,1.833,E,TRUE
311,WP_338259392.1,312,D,B,0.198,0.018,0.088,0.893,0.633111111,D,1.674,E,TRUE
312,WP_338259392.1,313,S,E,0.396,0.018,0.088,0.893,0.63,S,1.577,E,TRUE
313,WP_338259392.1,314,Q,B,0.256,0.019,0.141,0.84,0.611888889,Q,1.186,E,TRUE
314,WP_338259392.1,315,T,B,0.273,0.019,0.141,0.84,0.601888889,T,1.081,E,TRUE
315,WP_338259392.1,316,R,B,0.177,0.02,0.205,0.775,0.606444444,R,0.996,E,TRUE
316,WP_338259392.1,317,T,E,0.311,0.02,0.205,0.775,0.608333333,T,0.909,E,TRUE
317,WP_338259392.1,318,I,B,0.153,0.056,0.142,0.802,0.607666667,I,0.86,E,TRUE
318,WP_338259392.1,319,S,E,0.401,0.052,0.084,0.864,0.611777778,S,0.884,E,TRUE
319,WP_338259392.1,320,K,B,0.271,0.053,0.043,0.903,0.621444444,K,0.883,E,TRUE
320,WP_338259392.1,321,N,E,0.407,0.053,0.043,0.903,0.629222222,N,1.004,E,TRUE
321,WP_338259392.1,322,T,B,0.282,0.053,0.043,0.903,0.644777778,T,1.019,E,TRUE
322,WP_338259392.1,323,S,E,0.38,0.053,0.043,0.903,0.660333333,S,1.334,E,TRUE
323,WP_338259392.1,324,T,B,0.308,0.053,0.043,0.903,0.668222222,T,1.265,E,TRUE
324,WP_338259392.1,325,S,E,0.44,0.053,0.043,0.903,0.649777778,S,1.305,E,TRUE
325,WP_338259392.1,326,R,B,0.262,0.053,0.043,0.903,0.653,R,1.227,E,TRUE
326,WP_338259392.1,327,T,E,0.411,0.053,0.043,0.903,0.653666667,T,1.209,E,TRUE
327,WP_338259392.1,328,H,E,0.477,0.018,0.047,0.935,0.643222222,H,0.938,E,TRUE
328,WP_338259392.1,329,T,B,0.262,0.018,0.047,0.935,0.644888889,T,0.84,E,TRUE
329,WP_338259392.1,330,S,E,0.385,0.018,0.088,0.893,0.623444444,S,0.778,E,TRUE
330,WP_338259392.1,331,E,B,0.276,0.019,0.141,0.84,0.604222222,E,0.892,E,TRUE
331,WP_338259392.1,332,V,B,0.208,0.019,0.141,0.84,0.583555556,V,0.839,E,TRUE
332,WP_338259392.1,333,H,E,0.306,0.019,0.141,0.84,0.575555556,H,0.926,E,TRUE
333,WP_338259392.1,334,G,B,0.111,0.02,0.205,0.775,0.575111111,G,0.679,E,TRUE
334,WP_338259392.1,335,N,B,0.243,0.02,0.205,0.775,0.566444444,N,0.584,E,TRUE
335,WP_338259392.1,336,A,B,0.153,0.02,0.205,0.775,0.556333333,A,0.367,E,TRUE
336,WP_338259392.1,337,E,B,0.153,0.02,0.205,0.775,0.548777778,E,0.463,E,TRUE
337,WP_338259392.1,338,V,B,0.174,0.021,0.279,0.699,0.533777778,V,0.168,.,TRUE
338,WP_338259392.1,339,H,E,0.376,0.019,0.141,0.84,0.536333333,H,-0.256,.,TRUE
339,WP_338259392.1,340,A,B,0.196,0.018,0.088,0.893,0.537,A,-0.358,.,TRUE
340,WP_338259392.1,341,S,E,0.321,0.018,0.088,0.893,0.530777778,S,-0.598,.,TRUE
341,WP_338259392.1,342,F,B,0.151,0.019,0.141,0.84,0.524111111,F,-0.556,.,TRUE
342,WP_338259392.1,343,F,B,0.123,0.02,0.205,0.775,0.516444444,F,-0.339,.,TRUE
343,WP_338259392.1,344,D,B,0.177,0.02,0.205,0.775,0.511888889,D,-0.163,.,TRUE
344,WP_338259392.1,345,I,B,0.134,0.02,0.205,0.775,0.510888889,I,-0.127,.,TRUE
345,WP_338259392.1,346,G,B,0.156,0.056,0.142,0.802,0.526222222,G,0.008,.,TRUE
346,WP_338259392.1,347,G,B,0.175,0.056,0.142,0.802,0.532555556,G,0.242,.,TRUE
347,WP_338259392.1,348,S,E,0.349,0.052,0.084,0.864,0.540666667,S,0.688,E,TRUE
348,WP_338259392.1,349,V,B,0.155,0.052,0.084,0.864,0.542555556,V,0.416,E,TRUE
349,WP_338259392.1,350,S,E,0.412,0.052,0.084,0.864,0.563888889,S,0.757,E,TRUE
350,WP_338259392.1,351,A,E,0.296,0.113,0.087,0.8,0.583333333,A,0.726,E,TRUE
351,WP_338259392.1,352,G,B,0.213,0.113,0.043,0.844,0.61,G,0.813,E,TRUE
352,WP_338259392.1,353,F,B,0.177,0.113,0.043,0.844,0.633111111,F,0.824,E,TRUE
353,WP_338259392.1,354,S,E,0.392,0.113,0.043,0.844,0.654111111,S,1.063,E,TRUE
354,WP_338259392.1,355,N,E,0.405,0.053,0.043,0.903,0.656888889,N,1.047,E,TRUE
355,WP_338259392.1,356,S,E,0.502,0.018,0.047,0.935,0.661,S,1.174,E,TRUE
356,WP_338259392.1,357,N,E,0.41,0.018,0.047,0.935,0.662111111,N,0.9,E,TRUE
357,WP_338259392.1,358,S,E,0.385,0.018,0.047,0.935,0.659222222,S,1.046,E,TRUE
358,WP_338259392.1,359,S,E,0.393,0.018,0.047,0.935,0.645111111,S,0.643,E,TRUE
359,WP_338259392.1,360,T,B,0.289,0.052,0.084,0.864,0.631666667,T,0.678,E,TRUE
360,WP_338259392.1,361,V,B,0.242,0.052,0.084,0.864,0.624222222,V,0.425,E,TRUE
361,WP_338259392.1,362,A,B,0.264,0.052,0.084,0.864,0.611,A,0.315,.,TRUE
362,WP_338259392.1,363,I,B,0.206,0.052,0.084,0.864,0.595444444,I,-0.201,.,TRUE
363,WP_338259392.1,364,D,B,0.311,0.052,0.084,0.864,0.590666667,D,-0.304,.,TRUE
364,WP_338259392.1,365,H,E,0.386,0.052,0.084,0.864,0.583666667,H,-0.687,.,TRUE
365,WP_338259392.1,366,S,E,0.361,0.052,0.084,0.864,0.577555556,S,-0.514,.,TRUE
366,WP_338259392.1,367,L,B,0.128,0.052,0.084,0.864,0.572555556,L,-0.383,.,TRUE
367,WP_338259392.1,368,S,E,0.366,0.052,0.084,0.864,0.576888889,S,0.084,.,TRUE
368,WP_338259392.1,369,L,B,0.197,0.113,0.087,0.8,0.576555556,L,0.046,.,TRUE
369,WP_338259392.1,370,A,B,0.22,0.191,0.086,0.723,0.565888889,A,0.227,.,TRUE
370,WP_338259392.1,371,G,B,0.148,0.191,0.086,0.723,0.550222222,G,-0.046,.,TRUE
371,WP_338259392.1,372,E,B,0.209,0.191,0.086,0.723,0.543888889,E,0.337,.,TRUE
372,WP_338259392.1,373,R,B,0.153,0.113,0.087,0.8,0.542888889,R,0.437,E,TRUE
373,WP_338259392.1,374,T,B,0.3,0.113,0.087,0.8,0.546333333,T,0.826,E,TRUE
374,WP_338259392.1,375,W,B,0.216,0.113,0.087,0.8,0.561888889,W,0.653,E,TRUE
375,WP_338259392.1,376,A,B,0.252,0.113,0.087,0.8,0.573444444,A,0.604,E,TRUE
376,WP_338259392.1,377,E,B,0.275,0.113,0.087,0.8,0.571111111,E,0.126,.,TRUE
377,WP_338259392.1,378,T,B,0.291,0.113,0.087,0.8,0.577555556,T,0.134,.,TRUE
378,WP_338259392.1,379,M,E,0.344,0.118,0.15,0.732,0.578333333,M,0.112,.,TRUE
379,WP_338259392.1,380,G,B,0.2,0.118,0.15,0.732,0.583444444,G,0.38,E,TRUE
380,WP_338259392.1,381,L,B,0.178,0.118,0.15,0.732,0.586111111,L,0.582,E,TRUE
381,WP_338259392.1,382,N,E,0.339,0.113,0.087,0.8,0.581555556,N,0.588,E,TRUE
382,WP_338259392.1,383,T,B,0.265,0.113,0.087,0.8,0.578111111,T,0.461,E,TRUE
383,WP_338259392.1,384,A,B,0.272,0.113,0.043,0.844,0.569777778,A,0.635,E,TRUE
384,WP_338259392.1,385,D,B,0.201,0.184,0.043,0.773,0.556777778,D,0.331,.,TRUE
385,WP_338259392.1,386,T,B,0.261,0.184,0.043,0.773,0.564888889,T,0.678,E,TRUE
386,WP_338259392.1,387,A,E,0.27,0.268,0.043,0.689,0.547333333,A,0.46,E,TRUE
387,WP_338259392.1,388,R,B,0.149,0.268,0.043,0.689,0.547666667,R,0.454,E,TRUE
388,WP_338259392.1,389,L,B,0.178,0.278,0.093,0.628,0.546111111,L,0.121,.,TRUE
389,WP_338259392.1,390,N,E,0.313,0.191,0.086,0.723,0.547666667,N,-0.188,.,TRUE
390,WP_338259392.1,391,A,B,0.253,0.118,0.15,0.732,0.545777778,A,-0.496,.,TRUE
391,WP_338259392.1,392,N,E,0.31,0.118,0.15,0.732,0.539555556,N,-0.62,.,TRUE
392,WP_338259392.1,393,I,B,0.16,0.118,0.15,0.732,0.533666667,I,-0.521,.,TRUE
393,WP_338259392.1,394,R,B,0.179,0.118,0.15,0.732,0.544444444,R,-0.132,.,TRUE
394,WP_338259392.1,395,Y,B,0.218,0.056,0.142,0.802,0.529666667,Y,-0.031,.,TRUE
395,WP_338259392.1,396,V,B,0.164,0.056,0.142,0.802,0.530555556,V,0.311,.,TRUE
396,WP_338259392.1,397,N,E,0.295,0.056,0.142,0.802,0.529222222,N,0.333,.,TRUE
397,WP_338259392.1,398,T,B,0.247,0.052,0.084,0.864,0.529888889,T,0.655,E,TRUE
398,WP_338259392.1,399,G,B,0.117,0.052,0.084,0.864,0.514666667,G,0.571,E,TRUE
399,WP_338259392.1,400,T,B,0.238,0.052,0.084,0.864,0.514777778,T,0.693,E,TRUE
400,WP_338259392.1,401,A,B,0.235,0.052,0.084,0.864,0.519555556,A,0.792,E,TRUE
401,WP_338259392.1,402,P,B,0.155,0.056,0.142,0.802,0.516444444,P,0.561,E,TRUE
402,WP_338259392.1,403,I,B,0.194,0.056,0.142,0.802,0.508222222,I,0.239,.,TRUE
403,WP_338259392.1,404,Y,B,0.202,0.064,0.216,0.721,0.51,Y,0.106,.,TRUE
404,WP_338259392.1,405,N,E,0.288,0.118,0.15,0.732,0.512888889,N,0.016,.,TRUE
405,WP_338259392.1,406,V,B,0.162,0.118,0.15,0.732,0.511888889,V,0.084,.,TRUE
406,WP_338259392.1,407,L,B,0.163,0.118,0.15,0.732,0.514222222,L,0.064,.,TRUE
407,WP_338259392.1,408,P,B,0.137,0.052,0.084,0.864,0.528444444,P,-0.156,.,TRUE
408,WP_338259392.1,409,T,B,0.304,0.053,0.043,0.903,0.523555556,T,-0.318,.,TRUE
409,WP_338259392.1,410,T,B,0.274,0.053,0.043,0.903,0.523222222,T,-0.61,.,TRUE
410,WP_338259392.1,411,S,E,0.336,0.184,0.043,0.773,0.523666667,S,-0.448,.,TRUE
411,WP_338259392.1,412,L,B,0.181,0.191,0.086,0.723,0.536,L,-0.15,.,TRUE
412,WP_338259392.1,413,V,B,0.194,0.278,0.093,0.628,0.55,V,0.01,.,TRUE
413,WP_338259392.1,414,L,B,0.215,0.386,0.097,0.517,0.564111111,L,-0.08,.,TRUE
414,WP_338259392.1,415,G,B,0.26,0.354,0.048,0.598,0.563333333,G,-0.184,.,TRUE
415,WP_338259392.1,416,K,B,0.221,0.268,0.043,0.689,0.563111111,K,-0.462,.,TRUE
416,WP_338259392.1,417,N,E,0.347,0.184,0.043,0.773,0.564,N,-0.19,.,TRUE
417,WP_338259392.1,418,Q,B,0.259,0.113,0.043,0.844,0.566666667,Q,0.023,.,TRUE
418,WP_338259392.1,419,T,B,0.282,0.113,0.087,0.8,0.559111111,T,0.16,.,TRUE
419,WP_338259392.1,420,L,B,0.145,0.191,0.086,0.723,0.561888889,L,0.176,.,TRUE
420,WP_338259392.1,421,A,B,0.248,0.268,0.043,0.689,0.545111111,A,0.06,.,TRUE
421,WP_338259392.1,422,T,B,0.261,0.354,0.048,0.598,0.537444444,T,-0.005,.,TRUE
422,WP_338259392.1,423,I,B,0.156,0.522,0.016,0.462,0.533222222,I,0.112,.,TRUE
423,WP_338259392.1,424,K,B,0.215,0.522,0.016,0.462,0.549666667,K,0.148,.,TRUE
424,WP_338259392.1,425,A,E,0.327,0.522,0.016,0.462,0.561666667,A,0.478,E,TRUE
425,WP_338259392.1,426,K,B,0.24,0.43,0.016,0.555,0.552111111,K,0.338,.,TRUE
426,WP_338259392.1,427,E,B,0.204,0.339,0.016,0.645,0.561555556,E,0.379,E,TRUE
427,WP_338259392.1,428,N,E,0.444,0.268,0.043,0.689,0.577888889,N,0.535,E,TRUE
428,WP_338259392.1,429,Q,E,0.356,0.184,0.043,0.773,0.568555556,Q,0.203,.,TRUE
429,WP_338259392.1,430,L,B,0.126,0.053,0.043,0.903,0.567333333,L,0.005,.,TRUE
430,WP_338259392.1,431,S,E,0.321,0.053,0.043,0.903,0.550333333,S,-0.138,.,TRUE
431,WP_338259392.1,432,Q,B,0.243,0.052,0.084,0.864,0.530333333,Q,-0.238,.,TRUE
432,WP_338259392.1,433,I,B,0.138,0.056,0.142,0.802,0.515666667,I,-0.104,.,TRUE
433,WP_338259392.1,434,L,B,0.125,0.064,0.216,0.721,0.498888889,L,0.01,.,TRUE
434,WP_338259392.1,435,A,B,0.188,0.064,0.216,0.721,0.506888889,A,0.256,.,TRUE
435,WP_338259392.1,436,P,B,0.072,0.052,0.084,0.864,0.493111111,P,0.236,.,TRUE
436,WP_338259392.1,437,N,E,0.242,0.053,0.043,0.903,0.470666667,N,0.381,E,TRUE
437,WP_338259392.1,438,N,B,0.283,0.113,0.087,0.8,0.483777778,N,0.872,E,TRUE
438,WP_338259392.1,439,Y,B,0.181,0.113,0.087,0.8,0.499,Y,1.257,E,TRUE
439,WP_338259392.1,440,Y,B,0.17,0.113,0.087,0.8,0.509,Y,1.354,E,TRUE
440,WP_338259392.1,441,P,B,0.077,0.113,0.087,0.8,0.511444444,P,1.099,E,TRUE
441,WP_338259392.1,442,S,E,0.31,0.113,0.087,0.8,0.499555556,S,0.855,E,TRUE
442,WP_338259392.1,443,K,B,0.181,0.052,0.084,0.864,0.491666667,K,0.663,E,TRUE
443,WP_338259392.1,444,N,E,0.291,0.052,0.084,0.864,0.476222222,N,0.458,E,TRUE
444,WP_338259392.1,445,L,B,0.12,0.056,0.142,0.802,0.479,L,0.453,E,TRUE
445,WP_338259392.1,446,A,B,0.19,0.056,0.142,0.802,0.491666667,A,0.053,.,TRUE
446,WP_338259392.1,447,P,B,0.097,0.056,0.142,0.802,0.495666667,P,-0.073,.,TRUE
447,WP_338259392.1,448,I,B,0.177,0.056,0.142,0.802,0.481333333,I,-0.24,.,TRUE
448,WP_338259392.1,449,A,B,0.182,0.118,0.15,0.732,0.490333333,A,-0.137,.,TRUE
449,WP_338259392.1,450,L,B,0.164,0.113,0.087,0.8,0.510444444,L,0.236,.,TRUE
450,WP_338259392.1,451,N,E,0.309,0.113,0.087,0.8,0.529555556,N,0.456,E,TRUE
451,WP_338259392.1,452,A,B,0.231,0.184,0.043,0.773,0.535444444,A,0.259,.,TRUE
452,WP_338259392.1,453,Q,B,0.213,0.113,0.043,0.844,0.549222222,Q,0.577,E,TRUE
453,WP_338259392.1,454,D,B,0.183,0.052,0.084,0.864,0.553888889,D,0.771,E,TRUE
454,WP_338259392.1,455,D,B,0.223,0.053,0.043,0.903,0.551666667,D,1.247,E,TRUE
455,WP_338259392.1,456,F,B,0.157,0.018,0.047,0.935,0.536666667,F,1.259,E,TRUE
456,WP_338259392.1,457,S,E,0.262,0.018,0.047,0.935,0.537555556,S,1.088,E,TRUE
457,WP_338259392.1,458,S,E,0.315,0.018,0.019,0.964,0.536555556,S,0.996,E,TRUE
458,WP_338259392.1,459,T,B,0.249,0.018,0.047,0.935,0.532555556,T,0.576,E,TRUE
459,WP_338259392.1,460,P,B,0.099,0.052,0.084,0.864,0.532111111,P,0.442,E,TRUE
460,WP_338259392.1,461,I,B,0.166,0.056,0.142,0.802,0.532111111,I,0.516,E,TRUE
461,WP_338259392.1,462,T,B,0.251,0.113,0.087,0.8,0.525,T,0.464,E,TRUE
462,WP_338259392.1,463,M,E,0.31,0.191,0.086,0.723,0.524444444,M,0.246,.,TRUE
463,WP_338259392.1,464,N,E,0.35,0.184,0.043,0.773,0.514333333,N,-0.206,.,TRUE
464,WP_338259392.1,465,Y,B,0.189,0.268,0.043,0.689,0.508222222,Y,-0.679,.,TRUE
465,WP_338259392.1,466,N,B,0.265,0.278,0.093,0.628,0.505777778,N,-0.506,.,TRUE
466,WP_338259392.1,467,Q,B,0.173,0.386,0.097,0.517,0.468333333,Q,-0.91,.,TRUE
467,WP_338259392.1,468,F,B,0.081,0.386,0.097,0.517,0.451888889,F,-0.568,.,TRUE
468,WP_338259392.1,469,L,B,0.084,0.561,0.047,0.393,0.432666667,L,-0.579,.,TRUE
469,WP_338259392.1,470,E,B,0.127,0.66,0.049,0.291,0.431,E,-0.34,.,TRUE
470,WP_338259392.1,471,L,B,0.082,0.622,0.015,0.363,0.432666667,L,-0.358,.,TRUE
471,WP_338259392.1,472,E,B,0.108,0.622,0.015,0.363,0.427666667,E,-0.294,.,TRUE
472,WP_338259392.1,473,K,B,0.175,0.522,0.016,0.462,0.436,K,-0.354,.,TRUE
473,WP_338259392.1,474,T,B,0.232,0.43,0.016,0.555,0.445888889,T,-0.022,.,TRUE
474,WP_338259392.1,475,K,B,0.17,0.339,0.016,0.645,0.453333333,K,-0.338,.,TRUE
475,WP_338259392.1,476,Q,B,0.179,0.354,0.048,0.598,0.485666667,Q,0.14,.,TRUE
476,WP_338259392.1,477,L,B,0.156,0.386,0.097,0.517,0.484,L,0.114,.,TRUE
477,WP_338259392.1,478,R,B,0.118,0.278,0.093,0.628,0.502777778,R,0.271,.,TRUE
478,WP_338259392.1,479,L,B,0.174,0.199,0.152,0.649,0.510222222,L,0.227,.,TRUE
479,WP_338259392.1,480,D,B,0.172,0.191,0.086,0.723,0.507777778,D,0.08,.,TRUE
480,WP_338259392.1,481,T,B,0.206,0.113,0.043,0.844,0.507,T,-0.03,.,TRUE
481,WP_338259392.1,482,D,B,0.152,0.053,0.043,0.903,0.498777778,D,0.339,.,TRUE
482,WP_338259392.1,483,Q,B,0.224,0.052,0.084,0.864,0.495222222,Q,0.476,E,TRUE
483,WP_338259392.1,484,V,B,0.183,0.056,0.142,0.802,0.484666667,V,0.624,E,TRUE
484,WP_338259392.1,485,Y,B,0.17,0.064,0.216,0.721,0.479111111,Y,0.401,E,TRUE
485,WP_338259392.1,486,G,B,0.086,0.021,0.279,0.699,0.487555556,G,0.338,.,TRUE
486,WP_338259392.1,487,N,B,0.247,0.021,0.279,0.699,0.483555556,N,0.011,.,TRUE
487,WP_338259392.1,488,I,B,0.106,0.021,0.279,0.699,0.485222222,I,0.004,.,TRUE
488,WP_338259392.1,489,A,B,0.154,0.02,0.205,0.775,0.496444444,A,-0.152,.,TRUE
489,WP_338259392.1,490,T,B,0.251,0.056,0.142,0.802,0.507333333,T,0.07,.,TRUE
490,WP_338259392.1,491,Y,B,0.215,0.052,0.084,0.864,0.516111111,Y,0.167,.,TRUE
491,WP_338259392.1,492,N,E,0.264,0.113,0.087,0.8,0.522,N,0.172,.,TRUE
492,WP_338259392.1,493,F,B,0.156,0.118,0.15,0.732,0.524,F,0.38,E,TRUE
493,WP_338259392.1,494,E,B,0.129,0.125,0.227,0.648,0.522777778,E,0.257,.,TRUE
494,WP_338259392.1,495,N,B,0.247,0.125,0.227,0.648,0.521333333,N,0.199,.,TRUE
495,WP_338259392.1,496,G,B,0.128,0.135,0.317,0.548,0.513888889,G,0.155,.,TRUE
496,WP_338259392.1,497,R,B,0.095,0.135,0.317,0.548,0.513666667,R,0.272,.,TRUE
497,WP_338259392.1,498,V,B,0.148,0.135,0.317,0.548,0.510333333,V,0.654,E,TRUE
498,WP_338259392.1,499,R,B,0.104,0.066,0.296,0.638,0.511555556,R,0.698,E,TRUE
499,WP_338259392.1,500,V,B,0.201,0.066,0.296,0.638,0.524666667,V,0.767,E,TRUE
500,WP_338259392.1,501,D,B,0.187,0.064,0.216,0.721,0.536333333,D,0.863,E,TRUE
501,WP_338259392.1,502,T,B,0.271,0.056,0.142,0.802,0.549777778,T,0.664,E,TRUE
502,WP_338259392.1,503,G,B,0.209,0.052,0.084,0.864,0.564111111,G,0.943,E,TRUE
503,WP_338259392.1,504,S,E,0.462,0.053,0.043,0.903,0.574666667,S,1.022,E,TRUE
504,WP_338259392.1,505,N,E,0.386,0.053,0.043,0.903,0.573333333,N,1.098,E,TRUE
505,WP_338259392.1,506,W,B,0.161,0.052,0.084,0.864,0.57,W,0.7,E,TRUE
506,WP_338259392.1,507,S,E,0.336,0.191,0.086,0.723,0.563444444,S,0.537,E,TRUE
507,WP_338259392.1,508,E,B,0.254,0.113,0.087,0.8,0.553666667,E,0.442,E,TRUE
508,WP_338259392.1,509,V,B,0.157,0.118,0.15,0.732,0.530333333,V,0.163,.,TRUE
509,WP_338259392.1,510,L,B,0.148,0.199,0.152,0.649,0.528444444,L,0.067,.,TRUE
510,WP_338259392.1,511,P,B,0.101,0.199,0.152,0.649,0.534111111,P,0.369,E,TRUE
511,WP_338259392.1,512,Q,B,0.205,0.191,0.086,0.723,0.531666667,Q,0.409,E,TRUE
512,WP_338259392.1,513,I,B,0.134,0.191,0.086,0.723,0.524333333,I,0.469,E,TRUE
513,WP_338259392.1,514,Q,B,0.209,0.191,0.086,0.723,0.524888889,Q,0.503,E,TRUE
514,WP_338259392.1,515,E,B,0.21,0.053,0.043,0.903,0.522333333,E,0.655,E,TRUE
515,WP_338259392.1,516,T,B,0.25,0.053,0.043,0.903,0.527555556,T,0.321,.,TRUE
516,WP_338259392.1,517,T,B,0.223,0.113,0.043,0.844,0.526888889,T,-0.141,.,TRUE
517,WP_338259392.1,518,A,B,0.208,0.113,0.087,0.8,0.536222222,A,-0.385,.,TRUE
518,WP_338259392.1,519,R,B,0.117,0.113,0.087,0.8,0.530777778,R,-0.43,.,TRUE
519,WP_338259392.1,520,I,B,0.153,0.199,0.152,0.649,0.521444444,I,-0.445,.,TRUE
520,WP_338259392.1,521,I,B,0.161,0.199,0.152,0.649,0.521444444,I,-0.482,.,TRUE
521,WP_338259392.1,522,F,B,0.145,0.278,0.093,0.628,0.525555556,F,-0.403,.,TRUE
522,WP_338259392.1,523,N,E,0.263,0.386,0.097,0.517,0.530555556,N,-0.668,.,TRUE
523,WP_338259392.1,524,G,B,0.157,0.386,0.097,0.517,0.533555556,G,-0.632,.,TRUE
524,WP_338259392.1,525,K,B,0.161,0.354,0.048,0.598,0.530777778,K,-0.627,.,TRUE
525,WP_338259392.1,526,D,B,0.124,0.278,0.093,0.628,0.523,D,-0.459,.,TRUE
526,WP_338259392.1,527,L,B,0.138,0.386,0.097,0.517,0.526333333,L,-0.101,.,TRUE
527,WP_338259392.1,528,N,E,0.293,0.386,0.097,0.517,0.519555556,N,-0.204,.,TRUE
528,WP_338259392.1,529,L,B,0.127,0.386,0.097,0.517,0.522444444,L,-0.328,.,TRUE
529,WP_338259392.1,530,V,B,0.132,0.428,0.171,0.402,0.509222222,V,-0.695,.,TRUE
530,WP_338259392.1,531,E,B,0.169,0.278,0.093,0.628,0.499777778,E,-0.995,.,TRUE
531,WP_338259392.1,532,R,B,0.169,0.278,0.093,0.628,0.490444444,R,-0.762,.,TRUE
532,WP_338259392.1,533,R,B,0.145,0.191,0.086,0.723,0.492555556,R,-0.767,.,TRUE
533,WP_338259392.1,534,I,B,0.142,0.191,0.086,0.723,0.506111111,I,-0.201,.,TRUE
534,WP_338259392.1,535,A,B,0.203,0.113,0.087,0.8,0.508555556,A,0.127,.,TRUE
535,WP_338259392.1,536,A,B,0.248,0.191,0.086,0.723,0.506666667,A,0.468,E,TRUE
536,WP_338259392.1,537,V,B,0.192,0.191,0.086,0.723,0.513,V,0.874,E,TRUE
537,WP_338259392.1,538,N,E,0.322,0.113,0.043,0.844,0.499222222,N,0.99,E,TRUE
538,WP_338259392.1,539,P,B,0.081,0.113,0.043,0.844,0.497444444,P,1.128,E,TRUE
539,WP_338259392.1,540,S,E,0.331,0.113,0.043,0.844,0.501111111,S,1.45,E,TRUE
540,WP_338259392.1,541,D,B,0.163,0.113,0.087,0.8,0.507888889,D,1.591,E,TRUE
541,WP_338259392.1,542,P,B,0.086,0.113,0.087,0.8,0.502666667,P,1.838,E,TRUE
542,WP_338259392.1,543,L,B,0.128,0.113,0.087,0.8,0.495555556,L,1.874,E,TRUE
543,WP_338259392.1,544,E,B,0.155,0.113,0.087,0.8,0.499555556,E,1.842,E,TRUE
544,WP_338259392.1,545,T,B,0.202,0.113,0.043,0.844,0.504555556,T,1.747,E,TRUE
545,WP_338259392.1,546,T,E,0.307,0.184,0.043,0.773,0.501777778,T,1.3,E,TRUE
546,WP_338259392.1,547,K,B,0.192,0.184,0.043,0.773,0.517333333,K,1.188,E,TRUE
547,WP_338259392.1,548,P,B,0.117,0.184,0.043,0.773,0.518555556,P,1.005,E,TRUE
548,WP_338259392.1,549,D,B,0.175,0.268,0.043,0.689,0.524,D,0.85,E,TRUE
549,WP_338259392.1,550,M,B,0.27,0.354,0.048,0.598,0.527222222,M,0.82,E,TRUE
550,WP_338259392.1,551,T,B,0.253,0.354,0.048,0.598,0.528111111,T,0.555,E,TRUE
551,WP_338259392.1,552,L,B,0.142,0.354,0.048,0.598,0.512888889,L,0.001,.,TRUE
552,WP_338259392.1,553,K,B,0.179,0.354,0.048,0.598,0.515777778,K,-0.12,.,TRUE
553,WP_338259392.1,554,E,B,0.239,0.268,0.043,0.689,0.506111111,E,-0.743,.,TRUE
554,WP_338259392.1,555,A,B,0.186,0.268,0.043,0.689,0.501111111,A,-0.731,.,TRUE
555,WP_338259392.1,556,L,B,0.133,0.191,0.086,0.723,0.486444444,L,-1.073,.,TRUE
556,WP_338259392.1,557,K,B,0.141,0.191,0.086,0.723,0.491555556,K,-0.732,.,TRUE
557,WP_338259392.1,558,I,B,0.138,0.191,0.086,0.723,0.477111111,I,-1.046,.,TRUE
558,WP_338259392.1,559,A,B,0.18,0.191,0.086,0.723,0.477333333,A,-0.846,.,TRUE
559,WP_338259392.1,560,F,B,0.153,0.278,0.093,0.628,0.478666667,F,-0.588,.,TRUE
560,WP_338259392.1,561,G,B,0.114,0.278,0.093,0.628,0.486222222,G,-0.086,.,TRUE
561,WP_338259392.1,562,F,B,0.111,0.191,0.086,0.723,0.493555556,F,0.228,.,TRUE
562,WP_338259392.1,563,N,E,0.237,0.191,0.086,0.723,0.496555556,N,0.777,E,TRUE
563,WP_338259392.1,564,E,B,0.165,0.191,0.086,0.723,0.505111111,E,0.979,E,TRUE
564,WP_338259392.1,565,P,B,0.081,0.118,0.15,0.732,0.523444444,P,1.075,E,TRUE
565,WP_338259392.1,566,N,B,0.255,0.118,0.15,0.732,0.53,N,1.084,E,TRUE
566,WP_338259392.1,567,G,B,0.167,0.125,0.227,0.648,0.547333333,G,1.237,E,TRUE
567,WP_338259392.1,568,N,E,0.259,0.064,0.216,0.721,0.548777778,N,1.135,E,TRUE
568,WP_338259392.1,569,L,B,0.12,0.066,0.296,0.638,0.542111111,L,1.07,E,TRUE
569,WP_338259392.1,570,Q,B,0.224,0.066,0.296,0.638,0.548111111,Q,0.998,E,TRUE
570,WP_338259392.1,571,Y,B,0.205,0.066,0.296,0.638,0.540444444,Y,0.908,E,TRUE
571,WP_338259392.1,572,Q,B,0.177,0.066,0.296,0.638,0.534555556,Q,0.53,E,TRUE
572,WP_338259392.1,573,G,B,0.114,0.064,0.216,0.721,0.521555556,G,0.439,E,TRUE
573,WP_338259392.1,574,K,B,0.126,0.064,0.216,0.721,0.505666667,K,0.769,E,TRUE
574,WP_338259392.1,575,D,B,0.145,0.064,0.216,0.721,0.496,D,0.46,E,TRUE
575,WP_338259392.1,576,I,B,0.081,0.064,0.216,0.721,0.484555556,I,0.682,E,TRUE
576,WP_338259392.1,577,T,B,0.193,0.064,0.216,0.721,0.475333333,T,0.213,.,TRUE
577,WP_338259392.1,578,E,B,0.117,0.056,0.142,0.802,0.482333333,E,0.135,.,TRUE
578,WP_338259392.1,579,F,B,0.111,0.02,0.205,0.775,0.465555556,F,-0.253,.,TRUE
579,WP_338259392.1,580,D,B,0.105,0.021,0.279,0.699,0.462222222,D,-0.276,.,TRUE
580,WP_338259392.1,581,F,B,0.117,0.021,0.279,0.699,0.472555556,F,0.019,.,TRUE
581,WP_338259392.1,582,N,B,0.173,0.066,0.296,0.638,0.487777778,N,0.162,.,TRUE
582,WP_338259392.1,583,F,B,0.096,0.064,0.216,0.721,0.501,F,0.22,.,TRUE
583,WP_338259392.1,584,D,B,0.098,0.056,0.142,0.802,0.522888889,D,0.656,E,TRUE
584,WP_338259392.1,585,Q,B,0.199,0.056,0.142,0.802,0.545666667,Q,0.622,E,TRUE
585,WP_338259392.1,586,Q,B,0.24,0.052,0.084,0.864,0.565444444,Q,1.061,E,TRUE
586,WP_338259392.1,587,T,B,0.221,0.053,0.043,0.903,0.560444444,T,0.776,E,TRUE
587,WP_338259392.1,588,S,E,0.363,0.113,0.043,0.844,0.592444444,S,1.116,E,TRUE
588,WP_338259392.1,589,Q,B,0.285,0.184,0.043,0.773,0.612777778,Q,0.955,E,TRUE
589,WP_338259392.1,590,N,E,0.358,0.191,0.086,0.723,0.621,N,0.909,E,TRUE
590,WP_338259392.1,591,I,B,0.149,0.278,0.093,0.628,0.614444444,I,0.498,E,TRUE
591,WP_338259392.1,592,K,B,0.192,0.191,0.086,0.723,0.615666667,K,0.259,.,TRUE
592,WP_338259392.1,593,N,E,0.384,0.191,0.086,0.723,0.609,N,0.134,.,TRUE
593,WP_338259392.1,594,Q,B,0.276,0.113,0.087,0.8,0.596222222,Q,-0.249,.,TRUE
594,WP_338259392.1,595,L,B,0.144,0.113,0.087,0.8,0.598444444,L,-0.298,.,TRUE
595,WP_338259392.1,596,A,B,0.242,0.118,0.15,0.732,0.596555556,A,-0.263,.,TRUE
596,WP_338259392.1,597,E,B,0.257,0.052,0.084,0.864,0.582888889,E,-0.312,.,TRUE
597,WP_338259392.1,598,L,B,0.158,0.056,0.142,0.802,0.581333333,L,-0.307,.,TRUE
598,WP_338259392.1,599,N,E,0.343,0.064,0.216,0.721,0.562333333,N,-0.605,.,TRUE
599,WP_338259392.1,600,V,B,0.181,0.064,0.216,0.721,0.562555556,V,-0.535,.,TRUE
600,WP_338259392.1,601,T,B,0.241,0.056,0.142,0.802,0.555333333,T,-0.539,.,TRUE
601,WP_338259392.1,602,N,E,0.354,0.052,0.084,0.864,0.542,N,-0.77,.,TRUE
602,WP_338259392.1,603,I,B,0.191,0.113,0.087,0.8,0.531555556,I,-0.762,.,TRUE
603,WP_338259392.1,604,Y,B,0.177,0.191,0.086,0.723,0.510777778,Y,-0.766,.,TRUE
604,WP_338259392.1,605,T,B,0.247,0.278,0.093,0.628,0.513444444,T,-0.591,.,TRUE
605,WP_338259392.1,606,V,B,0.173,0.268,0.043,0.689,0.500111111,V,-0.89,.,TRUE
606,WP_338259392.1,607,L,B,0.111,0.354,0.048,0.598,0.480333333,L,-0.933,.,TRUE
607,WP_338259392.1,608,D,B,0.162,0.455,0.046,0.498,0.477555556,D,-1.02,.,TRUE
608,WP_338259392.1,609,K,B,0.134,0.455,0.046,0.498,0.483333333,K,-0.779,.,TRUE
609,WP_338259392.1,610,I,B,0.136,0.455,0.046,0.498,0.480888889,I,-0.785,.,TRUE
610,WP_338259392.1,611,K,B,0.123,0.455,0.046,0.498,0.489666667,K,-0.537,.,TRUE
611,WP_338259392.1,612,L,B,0.162,0.455,0.046,0.498,0.491666667,L,-0.459,.,TRUE
612,WP_338259392.1,613,N,E,0.295,0.455,0.046,0.498,0.495333333,N,-0.556,.,TRUE
613,WP_338259392.1,614,A,B,0.255,0.354,0.048,0.598,0.490333333,A,-0.971,.,TRUE
614,WP_338259392.1,615,K,B,0.173,0.268,0.043,0.689,0.488555556,K,-1.096,.,TRUE
615,WP_338259392.1,616,M,B,0.243,0.268,0.043,0.689,0.480666667,M,-1.428,.,TRUE
616,WP_338259392.1,617,N,E,0.273,0.278,0.093,0.628,0.480555556,N,-1.148,.,TRUE
617,WP_338259392.1,618,I,B,0.12,0.278,0.093,0.628,0.464,I,-1.099,.,TRUE
618,WP_338259392.1,619,L,B,0.117,0.428,0.171,0.402,0.459888889,L,-0.962,.,TRUE
619,WP_338259392.1,620,I,B,0.133,0.502,0.102,0.396,0.454444444,I,-1.027,.,TRUE
620,WP_338259392.1,621,R,B,0.075,0.455,0.046,0.498,0.461111111,R,-1.146,.,TRUE
621,WP_338259392.1,622,D,B,0.096,0.354,0.048,0.598,0.463111111,D,-1.162,.,TRUE
622,WP_338259392.1,623,K,B,0.149,0.354,0.048,0.598,0.465444444,K,-0.898,.,TRUE
623,WP_338259392.1,624,R,B,0.134,0.268,0.043,0.689,0.478222222,R,-0.337,.,TRUE
624,WP_338259392.1,625,F,B,0.168,0.184,0.043,0.773,0.488,F,0.085,.,TRUE
625,WP_338259392.1,626,H,E,0.258,0.113,0.087,0.8,0.506666667,H,0.223,.,TRUE
626,WP_338259392.1,627,Y,B,0.174,0.056,0.142,0.802,0.522444444,Y,0.175,.,TRUE
627,WP_338259392.1,628,D,B,0.161,0.066,0.296,0.638,0.522222222,D,-0.121,.,TRUE
628,WP_338259392.1,629,R,B,0.108,0.021,0.279,0.699,0.524,R,-0.174,.,TRUE
629,WP_338259392.1,630,N,B,0.244,0.021,0.279,0.699,0.523222222,N,0,.,TRUE
630,WP_338259392.1,631,N,B,0.23,0.021,0.279,0.699,0.526444444,N,0.196,.,TRUE
631,WP_338259392.1,632,I,B,0.12,0.02,0.205,0.775,0.524,I,0.4,E,TRUE
632,WP_338259392.1,633,A,B,0.168,0.064,0.216,0.721,0.528666667,A,0.537,E,TRUE
633,WP_338259392.1,634,V,B,0.21,0.064,0.216,0.721,0.537777778,V,0.625,E,TRUE
634,WP_338259392.1,635,G,B,0.198,0.118,0.15,0.732,0.532666667,G,0.608,E,TRUE
635,WP_338259392.1,636,A,B,0.238,0.113,0.087,0.8,0.526666667,A,0.382,E,TRUE
636,WP_338259392.1,637,D,B,0.18,0.113,0.087,0.8,0.530222222,D,0.497,E,TRUE
637,WP_338259392.1,638,E,B,0.157,0.113,0.087,0.8,0.537666667,E,0.592,E,TRUE
638,WP_338259392.1,639,S,E,0.329,0.191,0.086,0.723,0.543111111,S,0.845,E,TRUE
639,WP_338259392.1,640,V,B,0.139,0.199,0.152,0.649,0.545222222,V,0.7,E,TRUE
640,WP_338259392.1,641,V,B,0.149,0.199,0.152,0.649,0.559,V,0.675,E,TRUE
641,WP_338259392.1,642,K,B,0.208,0.278,0.093,0.628,0.556333333,K,0.388,E,TRUE
642,WP_338259392.1,643,E,B,0.251,0.191,0.086,0.723,0.554444444,E,0.245,.,TRUE
643,WP_338259392.1,644,A,B,0.251,0.113,0.087,0.8,0.554777778,A,-0.021,.,TRUE
644,WP_338259392.1,645,H,E,0.335,0.052,0.084,0.864,0.55,H,-0.111,.,TRUE
645,WP_338259392.1,646,R,B,0.13,0.052,0.084,0.864,0.565555556,R,0.101,.,TRUE
646,WP_338259392.1,647,E,B,0.216,0.064,0.216,0.721,0.572,E,0.167,.,TRUE
647,WP_338259392.1,648,V,B,0.171,0.066,0.296,0.638,0.588111111,V,0.244,.,TRUE
648,WP_338259392.1,649,I,B,0.166,0.064,0.216,0.721,0.595222222,I,0.43,E,TRUE
649,WP_338259392.1,650,N,E,0.355,0.052,0.084,0.864,0.613777778,N,0.551,E,TRUE
650,WP_338259392.1,651,S,E,0.427,0.053,0.043,0.903,0.619,S,0.575,E,TRUE
651,WP_338259392.1,652,S,E,0.457,0.018,0.019,0.964,0.619444444,S,0.2,.,TRUE
652,WP_338259392.1,653,T,E,0.351,0.018,0.019,0.964,0.625777778,T,0.021,.,TRUE
653,WP_338259392.1,654,E,E,0.386,0.018,0.047,0.935,0.636444444,E,-0.148,.,TRUE
654,WP_338259392.1,655,G,E,0.321,0.018,0.088,0.893,0.621555556,G,-0.224,.,TRUE
655,WP_338259392.1,656,L,E,0.334,0.02,0.205,0.775,0.549555556,L,-0.405,.,TRUE
656,WP_338259392.1,657,L,E,0.354,0.02,0.205,0.775,0.468333333,L,-0.734,.,TRUE
657,WP_338259392.1,658,L,E,0.451,0.018,0.088,0.893,0.397,L,-1.163,.,TRUE
658,WP_338259392.1,659,N,E,0.794,0.003,0.003,0.994,0.315,N,-1.724,.,TRUE
