chain_id,residue_id,residue_name,contact_number,propensity_score,discotope_score
X,16,SER,17,-1.543,-10.043
X,17,GLN,20,-3.095,-13.095
X,18,GLY,26,-5.528,-18.528
X,19,LEU,28,-5.476,-19.476
X,20,LEU,23,-5.244,-16.744
X,21,GLY,20,-5.554,-15.554
X,22,TYR,26,-4.894,-17.894
X,23,TYR,28,-5.113,-19.113
X,24,PHE,24,-2.931,-14.931
X,25,SER,23,-1.535,-13.035
X,26,ASP,20,-1.048,-11.048
X,27,LEU,20,1.179,-8.821
X,28,ASN,16,0.062,-7.938
X,29,PHE,20,-1.422,-11.422
X,30,GLN,16,-2.42,-10.42
X,31,ALA,20,-3.895,-13.895
X,32,PRO,25,-4.639,-17.139
X,33,MET,28,-3.722,-17.722
X,34,VAL,27,-4.477,-17.977
X,35,VAL,25,-4.4,-16.9
X,36,THR,25,-4.03,-16.53
X,37,SER,26,-6.198,-19.198
X,38,SER,23,-4.477,-15.977
X,39,THR,22,-4.171,-15.171
X,40,THR,21,-3.851,-14.351
X,41,GLY,22,-3.013,-14.013
X,42,ASP,21,-3.7,-14.2
X,43,LEU,22,-5.291,-16.291
X,44,SER,14,-2.693,-9.693
X,45,ILE,19,-2.664,-12.164
X,46,PRO,14,-0.67,-7.67
X,47,SER,15,0.153,-7.347
X,48,SER,9,-0.22,-4.72
X,49,GLU,15,0.763,-6.737
X,50,LEU,19,0.866,-8.634
X,51,GLU,12,1.803,-4.197
X,52,ASN,21,1.352,-9.148
X,53,ILE,19,1.782,-7.718
X,54,PRO,14,2.768,-4.232
X,55,SER,11,2.598,-2.902
X,56,GLU,10,2.156,-2.844
X,57,ASN,18,0.986,-8.014
X,58,GLN,22,0.752,-10.248
X,59,TYR,24,1.987,-10.013
X,60,PHE,29,2.544,-11.956
X,61,GLN,24,3.028,-8.972
X,62,SER,26,-0.429,-13.429
X,63,ALA,26,-2.687,-15.687
X,64,ILE,23,-1.977,-13.477
X,65,TRP,22,-3.301,-14.301
X,66,SER,21,-2.512,-13.012
X,67,GLY,23,-1.964,-13.464
X,68,PHE,24,-1.281,-13.281
X,69,ILE,24,-0.108,-12.108
X,70,LYS,20,1.422,-8.578
X,71,VAL,18,1.273,-7.727
X,72,LYS,14,0.961,-6.039
X,73,LYS,12,1.649,-4.351
X,74,SER,15,1.764,-5.736
X,75,ASP,17,3.635,-4.865
X,76,GLU,17,3.207,-5.293
X,77,TYR,22,3.394,-7.606
X,78,THR,20,2.314,-7.686
X,79,PHE,24,1.116,-10.884
X,80,ALA,25,-0.628,-13.128
X,81,THR,24,-1.814,-13.814
X,82,SER,16,-2.286,-10.286
X,83,ALA,18,-0.365,-9.365
X,84,ASP,20,-0.274,-10.274
X,85,ASN,17,1.683,-6.817
X,86,HIS,19,2.32,-7.18
X,87,VAL,25,1.64,-10.86
X,88,THR,22,2.819,-8.181
X,89,MET,24,0.564,-11.436
X,90,TRP,18,1.918,-7.082
X,91,VAL,20,1.272,-8.728
X,92,ASP,14,1.017,-5.983
X,93,ASP,12,1.01,-4.99
X,94,GLN,13,1.315,-5.185
X,95,GLU,15,1.731,-5.769
X,96,VAL,22,1.766,-9.234
X,97,ILE,25,1.196,-11.304
X,98,ASN,18,2.537,-6.463
X,99,LYS,15,1.703,-5.797
X,100,ALA,14,0.337,-6.663
X,101,SER,19,-0.378,-9.878
X,102,ASN,19,0.732,-8.768
X,103,SER,15,0.874,-6.626
X,104,ASN,14,1.081,-5.919
X,105,LYS,17,2.528,-5.972
X,106,ILE,15,1.461,-6.039
X,107,ARG,10,1.432,-3.568
X,108,LEU,20,2.644,-7.356
X,109,GLU,15,2.121,-5.379
X,110,LYS,13,1.647,-4.853
X,111,GLY,13,1.775,-4.725
X,112,ARG,13,1.338,-5.162
X,113,LEU,19,0.763,-8.737
X,114,TYR,18,0.802,-8.198
X,115,GLN,19,-0.147,-9.647
X,116,ILE,22,-0.235,-11.235
X,117,LYS,22,-1.057,-12.057
X,118,ILE,23,-0.788,-12.288
X,119,GLN,19,0.613,-8.887
X,120,TYR,26,-0.983,-13.983
X,121,GLN,23,2.185,-9.315
X,122,ARG,18,2.729,-6.271
X,123,GLU,13,3.011,-3.489
X,124,ASN,11,3.94,-1.56
X,125,PRO,16,3.697,-4.303
X,126,THR,11,3.852,-1.648
X,127,GLU,13,2.053,-4.447
X,128,LYS,20,2.391,-7.609
X,129,GLY,22,0.515,-10.485
X,130,LEU,20,-1.015,-11.015
X,131,ASP,15,-1.803,-9.303
X,132,PHE,17,-2.449,-10.949
X,133,LYS,18,-2.684,-11.684
X,134,LEU,21,-2.704,-13.204
X,135,TYR,20,-2.228,-12.228
X,136,TRP,20,0.158,-9.842
X,137,THR,19,2.3,-7.2
X,138,ASP,18,3.28,-5.72
X,139,SER,12,2.547,-3.453
X,140,GLN,10,2.553,-2.447
X,141,ASN,11,2.44,-3.06
X,142,LYS,10,2.702,-2.298
X,143,LYS,16,1.974,-6.026
X,144,GLU,15,0.64,-6.86
X,145,VAL,19,-1.904,-11.404
X,146,ILE,20,-1.551,-11.551
X,147,SER,16,-1.619,-9.619
X,148,SER,16,-2.823,-10.823
X,149,ASP,16,-2.088,-10.088
X,150,ASN,19,-2.067,-11.567
X,151,LEU,27,-3.194,-16.694
X,152,GLN,29,-3.679,-18.179
X,153,LEU,27,-3.307,-16.807
X,154,PRO,21,-0.495,-10.995
X,155,GLU,15,1.68,-5.82
X,156,LEU,19,2.84,-6.66
X,157,LYS,17,3.19,-5.31
X,158,GLN,12,2.483,-3.517
X,175,VAL,13,1.662,-4.838
X,176,PRO,14,4.037,-2.963
X,177,ASP,16,4.98,-3.02
X,178,ARG,16,5.972,-2.028
X,179,ASP,21,6.736,-3.764
X,180,ASN,22,5.949,-5.051
X,181,ASP,23,5.523,-5.977
X,182,GLY,26,3.956,-9.044
X,183,ILE,29,4.434,-10.066
X,184,PRO,21,2.75,-7.75
X,185,ASP,21,4.898,-5.602
X,186,SER,17,-1.048,-9.548
X,187,LEU,25,-1.611,-14.111
X,188,GLU,22,1.637,-9.363
X,189,VAL,18,0.223,-8.777
X,190,GLU,16,-1.364,-9.364
X,191,GLY,19,-1.547,-11.047
X,192,TYR,25,-1.331,-13.831
X,193,THR,22,-0.066,-11.066
X,194,VAL,22,-0.279,-11.279
X,195,ASP,19,0.549,-8.951
X,196,VAL,13,0.878,-5.622
X,197,LYS,10,1.206,-3.794
X,198,ASN,7,0.873,-2.627
X,199,LYS,12,-0.94,-6.94
X,200,ARG,16,-1.067,-9.067
X,201,THR,19,-0.486,-9.986
X,202,PHE,23,-1.526,-13.026
X,203,LEU,24,-2.816,-14.816
X,204,SER,24,-3.294,-15.294
X,205,PRO,25,-3.4,-15.9
X,206,TRP,24,0.288,-11.712
X,207,ILE,17,0.233,-8.267
X,208,SER,9,1.771,-2.729
X,209,ASN,10,2.184,-2.816
X,210,ILE,14,2.819,-4.181
X,211,HIS,18,2.466,-6.534
X,212,GLU,13,2.976,-3.524
X,213,LYS,9,2.827,-1.673
X,214,LYS,10,2.947,-2.053
X,215,GLY,9,2.648,-1.852
X,216,LEU,13,2.098,-4.402
X,217,THR,17,0.432,-8.068
X,218,LYS,17,0.426,-8.074
X,219,TYR,22,-1.61,-12.61
X,220,LYS,24,-0.174,-12.174
X,221,SER,29,0.709,-13.791
X,222,SER,26,3.226,-9.774
X,223,PRO,27,6.597,-6.903
X,224,GLU,20,6.115,-3.885
X,225,LYS,20,5.93,-4.07
X,226,TRP,27,5.712,-7.788
X,227,SER,27,2.606,-10.894
X,228,THR,29,0.627,-13.873
X,229,ALA,31,-2.395,-17.895
X,230,SER,26,-1.645,-14.645
X,231,ASP,25,-2.081,-14.581
X,232,PRO,28,-1.059,-15.059
X,233,TYR,29,0.419,-14.081
X,234,SER,30,3.851,-11.149
X,235,ASP,31,3.878,-11.622
X,236,PHE,23,3.319,-8.181
X,237,GLU,24,2.536,-9.464
X,238,LYS,21,0.919,-9.581
X,239,VAL,22,0.935,-10.065
X,240,THR,19,1.614,-7.886
X,241,GLY,16,1.498,-6.502
X,242,ARG,21,1.129,-9.371
X,243,ILE,24,2.342,-9.658
X,244,ASP,21,2.132,-8.368
X,245,LYS,13,2.522,-3.978
X,246,ASN,17,0.975,-7.525
X,247,VAL,22,0.079,-10.921
X,248,SER,23,-0.91,-12.41
X,249,PRO,17,0.509,-7.991
X,250,GLU,20,-3.948,-13.948
X,251,ALA,25,-4.675,-17.175
X,252,ARG,24,-1.43,-13.43
X,253,HIS,24,-1.446,-13.446
X,254,PRO,29,-0.866,-15.366
X,255,LEU,29,-2.797,-17.297
X,256,VAL,28,-6.038,-20.038
X,257,ALA,34,-5.722,-22.722
X,258,ALA,31,-4.769,-20.269
X,259,TYR,29,-5.241,-19.741
X,260,PRO,24,-3.677,-15.677
X,261,ILE,26,-4.782,-17.782
X,262,VAL,32,-2.834,-18.834
X,263,HIS,29,-1.552,-16.052
X,264,VAL,30,-1.706,-16.706
X,265,ASP,24,1.441,-10.559
X,266,MET,28,-1.758,-15.758
X,267,GLU,19,-0.618,-10.118
X,268,ASN,21,-1.384,-11.884
X,269,ILE,20,-1.529,-11.529
X,270,ILE,15,0.621,-6.879
X,271,LEU,20,0.667,-9.333
X,272,SER,21,-0.449,-10.949
X,273,LYS,19,-0.745,-10.245
X,274,ASN,14,-0.864,-7.864
X,275,GLU,8,-1.408,-5.408
X,288,THR,13,0.292,-6.208
X,289,ILE,16,0.163,-7.837
X,290,SER,16,0.026,-7.974
X,291,LYS,19,-2.091,-11.591
X,292,ASN,19,-2.591,-12.091
X,293,THR,22,-1.408,-12.408
X,294,SER,16,-1.002,-9.002
X,295,THR,22,0.145,-10.855
X,296,SER,24,0.553,-11.447
X,297,ARG,24,0.481,-11.519
X,298,THR,21,0.461,-10.039
X,299,HIS,24,-1.191,-13.191
X,300,THR,17,-1.422,-9.922
X,301,SER,20,-1.46,-11.46
X,302,GLU,13,-2.509,-9.009
X,303,VAL,9,-2.61,-7.11
X,320,VAL,12,-2.063,-8.063
X,321,SER,20,-0.674,-10.674
X,322,ALA,28,-0.895,-14.895
X,323,GLY,20,-2.763,-12.763
X,324,PHE,17,-2.542,-11.042
X,325,SER,12,-1.624,-7.624
X,326,ASN,15,-1.718,-9.218
X,327,SER,16,-1.268,-9.268
X,328,ASN,20,-1.947,-11.947
X,329,SER,23,-1.784,-13.284
X,330,SER,22,0.44,-10.56
X,331,THR,24,0.138,-11.862
X,332,VAL,22,-0.459,-11.459
X,333,ALA,20,-1.008,-11.008
X,334,ILE,24,-1.627,-13.627
X,335,ASP,21,-2.646,-13.146
X,336,HIS,23,-1.339,-12.839
X,337,SER,20,-2.72,-12.72
X,338,LEU,17,-3.837,-12.337
X,339,SER,15,-2.848,-10.348
X,340,LEU,10,-3.187,-8.187
X,341,ALA,9,-2.245,-6.745
X,342,GLY,8,-2.948,-6.948
X,343,GLU,12,-2.985,-8.985
X,344,ARG,15,-1.592,-9.092
X,345,THR,13,-1.197,-7.697
X,346,TRP,19,-1.514,-11.014
X,347,ALA,19,-2.461,-11.961
X,348,GLU,11,-2.143,-7.643
X,349,THR,15,-1.805,-9.305
X,350,MET,15,-1.008,-8.508
X,351,GLY,13,-1.723,-8.223
X,352,LEU,18,-3.091,-12.091
X,353,ASN,12,-2.36,-8.36
X,354,THR,11,-1.326,-6.826
X,355,ALA,9,-0.991,-5.491
X,356,ASP,15,-1.558,-9.058
X,357,THR,19,-1.243,-10.743
X,358,ALA,20,-0.712,-10.712
X,359,ARG,18,0.527,-8.473
X,360,LEU,21,-0.525,-11.025
X,361,ASN,19,-1.383,-10.883
X,362,ALA,22,-2.16,-13.16
X,363,ASN,20,-3.044,-13.044
X,364,ILE,21,-1.083,-11.583
X,365,ARG,21,-0.001,-10.501
X,366,TYR,21,0.173,-10.327
X,367,VAL,23,0.84,-10.66
X,368,ASN,23,-0.977,-12.477
X,369,THR,25,-1.95,-14.45
X,370,GLY,24,-4.209,-16.209
X,371,THR,25,-3.286,-15.786
X,372,ALA,27,-2.238,-15.738
X,373,PRO,27,-2.692,-16.192
X,374,ILE,27,-4.417,-17.917
X,375,TYR,21,-2.076,-12.576
X,376,ASN,22,-1.797,-12.797
X,377,VAL,20,-2.103,-12.103
X,378,LEU,27,-2.754,-16.254
X,379,PRO,23,-3.683,-15.183
X,380,THR,19,-3.372,-12.872
X,381,THR,23,-4.648,-16.148
X,382,SER,20,-4.985,-14.985
X,383,LEU,19,-3.732,-13.232
X,384,VAL,19,-4.118,-13.618
X,385,LEU,22,-2.453,-13.453
X,386,GLY,15,-1.701,-9.201
X,387,LYS,9,-1.659,-6.159
X,388,ASN,11,-2.829,-8.329
X,389,GLN,12,-3.257,-9.257
X,390,THR,17,-4.014,-12.514
X,391,LEU,18,-2.513,-11.513
X,392,ALA,19,-3.893,-13.393
X,393,THR,18,-4.289,-13.289
X,394,ILE,19,-4.539,-14.039
X,395,LYS,14,-4.079,-11.079
X,396,ALA,16,-3.207,-11.207
X,397,LYS,10,-0.152,-5.152
X,398,GLU,13,-0.841,-7.341
X,399,ASN,13,-0.661,-7.161
X,400,GLN,12,-0.595,-6.595
X,401,LEU,17,-0.012,-8.512
X,402,SER,11,0.424,-5.076
X,403,GLN,13,0.003,-6.497
X,404,ILE,19,0.509,-8.991
X,405,LEU,26,-0.181,-13.181
X,406,ALA,25,0.598,-11.902
X,407,PRO,24,-1.756,-13.756
X,408,ASN,18,-0.276,-9.276
X,409,ASN,19,1.637,-7.863
X,410,TYR,22,1.786,-9.214
X,411,TYR,24,-0.102,-12.102
X,412,PRO,20,0.262,-9.738
X,413,SER,17,1.195,-7.305
X,414,LYS,11,1.481,-4.019
X,415,ASN,8,0.429,-3.571
X,416,LEU,9,0.147,-4.353
X,417,ALA,13,-0.492,-6.992
X,418,PRO,19,-0.623,-10.123
X,419,ILE,17,-1.644,-10.144
X,420,ALA,16,-3.485,-11.485
X,421,LEU,21,-4.079,-14.579
X,422,ASN,19,-2.818,-12.318
X,423,ALA,14,-2.362,-9.362
X,424,GLN,10,-1.51,-6.51
X,425,ASP,8,-0.576,-4.576
X,426,ASP,9,-0.631,-5.131
X,427,PHE,10,-0.624,-5.624
X,428,SER,10,-0.624,-5.624
X,429,SER,12,-0.812,-6.812
X,430,THR,13,-0.76,-7.26
X,431,PRO,16,-0.343,-8.343
X,432,ILE,18,-1.671,-10.671
X,433,THR,20,-0.493,-10.493
X,434,MET,22,-0.909,-11.909
X,435,ASN,15,-0.934,-8.434
X,436,TYR,18,-1.066,-10.066
X,437,ASN,13,-0.667,-7.167
X,438,GLN,18,-0.719,-9.719
X,439,PHE,23,-0.616,-12.116
X,440,LEU,16,0.096,-7.904
X,441,GLU,16,-0.03,-8.03
X,442,LEU,18,-0.68,-9.68
X,443,GLU,17,-1.044,-9.544
X,444,LYS,15,0.318,-7.182
X,445,THR,17,-1.455,-9.955
X,446,LYS,20,-1.848,-11.848
X,447,GLN,20,-1.605,-11.605
X,448,LEU,21,-1.825,-12.325
X,449,ARG,26,-3.302,-16.302
X,450,LEU,28,-4.064,-18.064
X,451,ASP,22,-4.405,-15.405
X,452,THR,23,-4.385,-15.885
X,453,ASP,18,-3.057,-12.057
X,454,GLN,21,-3.958,-14.458
X,455,VAL,16,-2.049,-10.049
X,456,TYR,23,-4.762,-16.262
X,457,GLY,21,-1.625,-12.125
X,458,ASN,21,-1.029,-11.529
X,459,ILE,27,-1.639,-15.139
X,460,ALA,24,-0.106,-12.106
X,461,THR,21,1.067,-9.433
X,462,TYR,24,2.18,-9.82
X,463,ASN,17,1.452,-7.048
X,464,PHE,19,-0.087,-9.587
X,465,GLU,14,0.617,-6.383
X,466,ASN,12,0.556,-5.444
X,467,GLY,16,0.242,-7.758
X,468,ARG,15,1.123,-6.377
X,469,VAL,17,1.848,-6.652
X,470,ARG,15,0.977,-6.523
X,471,VAL,18,-0.391,-9.391
X,472,ASP,14,0.251,-6.749
X,473,THR,13,-0.244,-6.744
X,474,GLY,8,0.072,-3.928
X,475,SER,16,-0.577,-8.577
X,476,ASN,18,-0.488,-9.488
X,477,TRP,19,-2.288,-11.788
X,478,SER,15,-0.59,-8.09
X,479,GLU,14,-0.702,-7.702
X,480,VAL,16,-1.437,-9.437
X,481,LEU,22,-2.784,-13.784
X,482,PRO,14,-0.425,-7.425
X,483,GLN,14,-0.192,-7.192
X,484,ILE,26,-3.145,-16.145
X,485,GLN,23,-2.418,-13.918
X,486,GLU,17,-0.925,-9.425
X,487,THR,24,-1.943,-13.943
X,488,THR,28,-3.194,-17.194
X,489,ALA,28,-3.069,-17.069
X,490,ARG,27,-3.685,-17.185
X,491,ILE,24,-5.073,-17.073
X,492,ILE,21,-1.894,-12.394
X,493,PHE,24,-2.602,-14.602
X,494,ASN,19,-0.314,-9.814
X,495,GLY,20,1.155,-8.845
X,496,LYS,14,0.495,-6.505
X,497,ASP,13,0.606,-5.894
X,498,LEU,21,1.607,-8.893
X,499,ASN,20,0.207,-9.793
X,500,LEU,24,0.305,-11.695
X,501,VAL,22,-1.52,-12.52
X,502,GLU,20,-3.361,-13.361
X,503,ARG,26,-7.229,-20.229
X,504,ARG,29,-6.987,-21.487
X,505,ILE,32,-6.969,-22.969
X,506,ALA,33,-1.45,-17.95
X,507,ALA,29,-1.806,-16.306
X,508,VAL,24,0.865,-11.135
X,509,ASN,20,0.84,-9.16
X,510,PRO,12,0.776,-5.224
X,511,SER,9,0.584,-3.916
X,512,ASP,9,0.584,-3.916
X,513,PRO,9,0.981,-3.519
X,514,LEU,12,1.317,-4.683
X,515,GLU,17,1.953,-6.547
X,516,THR,15,2.154,-5.346
X,517,THR,16,3.061,-4.939
X,518,LYS,22,2.696,-8.304
X,519,PRO,22,1.63,-9.37
X,520,ASP,16,1.872,-6.128
X,521,MET,23,-2.075,-13.575
X,522,THR,18,-2.325,-11.325
X,523,LEU,21,-4.178,-14.678
X,524,LYS,20,-3.883,-13.883
X,525,GLU,20,-4.274,-14.274
X,526,ALA,27,-6.932,-20.432
X,527,LEU,22,-3.421,-14.421
X,528,LYS,17,-2.018,-10.518
X,529,ILE,20,-4.897,-14.897
X,530,ALA,22,-6.2,-17.2
X,531,PHE,21,-4.353,-14.853
X,532,GLY,15,-1.775,-9.275
X,533,PHE,22,-0.095,-11.095
X,534,ASN,20,1.41,-8.59
X,535,GLU,13,3.163,-3.337
X,536,PRO,10,3.233,-1.767
X,537,ASN,8,3.113,-0.887
X,538,GLY,8,3.113,-0.887
X,539,ASN,15,3.808,-3.692
X,540,LEU,20,2.443,-7.557
X,541,GLN,21,3.528,-6.972
X,542,TYR,20,1.855,-8.145
X,543,GLN,11,1.811,-3.689
X,544,GLY,10,2.91,-2.09
X,545,LYS,15,3.148,-4.352
X,546,ASP,15,3.471,-4.029
X,547,ILE,20,1.702,-8.298
X,548,THR,16,1.344,-6.656
X,549,GLU,15,2.581,-4.919
X,550,PHE,20,3.119,-6.881
X,551,ASP,16,0.806,-7.194
X,552,PHE,18,0.465,-8.535
X,553,ASN,19,0.234,-9.266
X,554,PHE,22,1.612,-9.388
X,555,ASP,21,0.469,-10.031
X,556,GLN,18,0.076,-8.924
X,557,GLN,14,2.249,-4.751
X,558,THR,22,3.025,-7.975
X,559,SER,19,2.855,-6.645
X,560,GLN,13,3.902,-2.598
X,561,ASN,18,3.587,-5.413
X,562,ILE,18,1.929,-7.071
X,563,LYS,15,0.955,-6.545
X,564,ASN,13,1.323,-5.177
X,565,GLN,18,-0.555,-9.555
X,566,LEU,18,-1.648,-10.648
X,567,ALA,11,-1.383,-6.883
X,568,GLU,10,-1.197,-6.197
X,569,LEU,13,-2.471,-8.971
X,570,ASN,11,-2.471,-7.971
X,571,ALA,14,-3.519,-10.519
X,572,THR,12,-3.086,-9.086
X,573,ASN,10,-2.957,-7.957
X,574,ILE,19,-3.269,-12.769
X,575,TYR,17,-2.144,-10.644
X,576,THR,12,-3.252,-9.252
X,577,VAL,18,-4.575,-13.575
X,578,LEU,18,-3.926,-12.926
X,579,ASP,15,-3.318,-10.818
X,580,LYS,16,-2.304,-10.304
X,581,ILE,20,-1.562,-11.562
X,582,LYS,19,-0.833,-10.333
X,583,LEU,28,-1.245,-15.245
X,584,ASN,24,-0.416,-12.416
X,585,ALA,22,-1.371,-12.371
X,586,LYS,23,-0.549,-12.049
X,587,MET,27,0.554,-12.946
X,588,ASN,27,-0.528,-14.028
X,589,ILE,25,-1.254,-13.754
X,590,LEU,25,-1.55,-14.05
X,591,ILE,22,0.539,-10.461
X,592,ARG,24,3.462,-8.538
X,593,ASP,23,3.706,-7.794
X,594,LYS,14,2.388,-4.612
X,595,ARG,19,0.795,-8.705
X,596,PHE,20,1.46,-8.54
X,597,HIS,19,0.929,-8.571
X,598,TYR,17,2.489,-6.011
X,599,ASP,14,2.023,-4.977
X,600,ARG,16,-0.898,-8.898
X,601,ASN,19,0.454,-9.046
X,602,ASN,22,2.376,-8.624
X,603,ILE,23,2.474,-9.026
X,604,ALA,27,2.78,-10.72
X,605,VAL,19,0.88,-8.62
X,606,GLY,24,-0.735,-12.735
X,607,ALA,21,-1.111,-11.611
X,608,ASP,14,-1.654,-8.654
X,609,GLU,16,-4.414,-12.414
X,610,SER,12,-2.643,-8.643
X,611,VAL,14,-2.006,-9.006
X,612,VAL,25,-3.435,-15.935
X,613,LYS,17,-4.027,-12.527
X,614,GLU,13,-2.417,-8.917
X,615,ALA,18,-1.577,-10.577
X,616,HIS,18,-2.255,-11.255
X,617,ARG,14,-1.216,-8.216
X,618,GLU,12,-1.339,-7.339
X,619,VAL,14,-1.724,-8.724
X,620,ILE,12,-0.826,-6.826
X,621,ASN,12,-1.654,-7.654
X,622,SER,18,-2.277,-11.277
X,623,SER,17,-1.76,-10.26
X,624,THR,18,-1.432,-10.432
X,625,GLU,19,-1.029,-10.529
X,626,GLY,23,-2.458,-13.958
X,627,LEU,20,-2.749,-12.749
X,628,LEU,22,-2.153,-13.153
X,629,LEU,20,-1.771,-11.771
X,630,ASN,18,-0.272,-9.272
X,631,ILE,21,0.022,-10.478
X,632,ASP,14,0.289,-6.711
X,633,LYS,15,0.823,-6.677
X,634,ASP,19,1.112,-8.388
X,635,ILE,21,-0.664,-11.164
X,636,ARG,19,-0.932,-10.432
X,637,LYS,16,-0.569,-8.569
X,638,ILE,23,-0.868,-12.368
X,639,LEU,22,-2.847,-13.847
X,640,SER,24,-4.141,-16.141
X,641,GLY,24,-2.868,-14.868
X,642,TYR,25,-3.826,-16.326
X,643,ILE,27,-2.43,-15.93
X,644,VAL,24,-2.235,-14.235
X,645,GLU,18,-1.785,-10.785
X,646,ILE,21,-1.117,-11.617
X,647,GLU,18,-0.252,-9.252
X,648,ASP,16,0.832,-7.168
X,649,THR,12,0.938,-5.062
X,650,GLU,8,-0.342,-4.342
X,651,GLY,11,-0.154,-5.654
X,652,LEU,10,-0.503,-5.503
X,653,LYS,16,-0.383,-8.383
X,654,GLU,15,-0.682,-8.182
X,655,VAL,18,-0.219,-9.219
X,656,ILE,18,0.947,-8.053
X,657,ASN,23,1.862,-9.638
X,658,ASP,18,2.356,-6.644
X,659,ARG,20,2.529,-7.471
X,660,TYR,25,2.154,-10.346
X,661,ASP,24,-0.021,-12.021
X,662,MET,22,-1.533,-12.533
X,663,LEU,25,-1.964,-14.464
X,664,ASN,22,-2.399,-13.399
X,665,ILE,21,-1.489,-11.989
X,666,SER,21,-1.893,-12.393
X,667,SER,14,-0.211,-7.211
X,668,LEU,16,0.52,-7.48
X,669,ARG,11,0.537,-4.963
X,670,GLN,7,1.066,-2.434
X,671,ASP,8,0.814,-3.186
X,672,GLY,13,0.532,-5.968
X,673,LYS,16,0.164,-7.836
X,674,THR,22,-0.112,-11.112
X,675,PHE,21,-1.993,-12.493
X,676,ILE,23,-3.471,-14.971
X,677,ASP,24,-1.84,-13.84
X,678,PHE,26,-1.287,-14.287
X,679,LYS,18,1.165,-7.835
X,680,LYS,19,1.326,-8.174
X,681,TYR,20,1.977,-8.023
X,682,ASN,15,2.035,-5.465
X,683,ASP,10,1.971,-3.029
X,684,LYS,12,1.597,-4.403
X,685,LEU,14,1.272,-5.728
X,686,PRO,17,0.527,-7.973
X,687,LEU,18,-0.183,-9.183
X,688,TYR,11,0.156,-5.344
X,689,ILE,16,1.789,-6.211
X,690,SER,9,1.644,-2.856
X,691,ASN,13,2.077,-4.423
X,692,PRO,16,2.478,-5.522
X,693,ASN,16,2.18,-5.82
X,694,TYR,21,1.138,-9.362
X,695,LYS,24,0.644,-11.356
X,696,VAL,27,-1.296,-14.796
X,697,ASN,20,-1.975,-11.975
X,698,VAL,23,-4.254,-15.754
X,699,TYR,20,-4.406,-14.406
X,700,ALA,26,-4.789,-17.789
X,701,VAL,23,-3.501,-15.001
X,702,THR,28,-3.884,-17.884
X,703,LYS,19,-1.603,-11.103
X,704,GLU,18,0.321,-8.679
X,705,ASN,16,-1.158,-9.158
X,706,THR,21,-0.157,-10.657
X,707,ILE,22,2.073,-8.927
X,708,ILE,18,0.566,-8.434
X,709,ASN,20,2.004,-7.996
X,710,PRO,18,3.993,-5.007
X,711,SER,14,4.666,-2.334
X,712,GLU,8,2.93,-1.07
X,713,ASN,7,2.548,-0.952
X,714,GLY,9,3.177,-1.323
X,715,ASP,13,4.075,-2.425
X,716,THR,18,4.943,-4.057
X,717,SER,18,4.503,-4.497
X,718,THR,21,3.586,-6.914
X,719,ASN,13,2.678,-3.822
X,720,GLY,9,1.54,-2.96
X,721,ILE,14,1.079,-5.921
X,722,LYS,15,-0.195,-7.695
X,723,LYS,19,-3.055,-12.555
X,724,ILE,19,-4.745,-14.245
X,725,LEU,18,-4.293,-13.293
X,726,ILE,19,-3.903,-13.403
X,727,PHE,19,-2.686,-12.186
X,728,SER,17,-1.029,-9.529
X,729,LYS,17,1.165,-7.335
X,730,LYS,19,1.479,-8.021
X,731,GLY,20,1.734,-8.266
X,732,TYR,13,2.465,-4.035
X,733,GLU,14,1.302,-5.698
X,734,ILE,17,-0.423,-8.923
X,735,GLY,11,0.379,-5.121
