No.,Chain,Residue number,Residue name,Score
1,X,16,SER,0.259
2,X,17,GLN,0.293
3,X,18,GLY,0.348
4,X,19,LEU,0.398
5,X,20,LEU,0.259
6,X,21,GLY,0.325
7,X,22,TYR,0.325
8,X,23,TYR,0.45
9,X,24,PHE,0.524
10,X,25,SER,0.683
11,X,26,ASP,0.683
12,X,27,LEU,0.757
13,X,28,ASN,0.732
14,X,29,PHE,0.572
15,X,30,GLN,0.627
16,X,31,ALA,0.547
17,X,32,PRO,0.426
18,X,33,MET,0.509
19,X,34,VAL,0.348
20,X,35,VAL,0.223
21,X,36,THR,0.259
22,X,37,SER,0.259
23,X,38,SER,0.426
24,X,39,THR,0.484
25,X,40,THR,0.595
26,X,41,GLY,0.627
27,X,42,ASP,0.651
28,X,43,LEU,0.524
29,X,44,SER,0.627
30,X,45,ILE,0.547
31,X,46,PRO,0.683
32,X,47,SER,0.778
33,X,48,SER,0.706
34,X,49,GLU,0.547
35,X,50,LEU,0.595
36,X,51,GLU,0.651
37,X,52,ASN,0.509
38,X,53,ILE,0.595
39,X,54,PRO,0.706
40,X,55,SER,0.833
41,X,56,GLU,0.858
42,X,57,ASN,0.706
43,X,58,GLN,0.732
44,X,59,TYR,0.833
45,X,60,PHE,0.627
46,X,61,GLN,0.778
47,X,62,SER,0.595
48,X,63,ALA,0.524
49,X,64,ILE,0.45
50,X,65,TRP,0.45
51,X,66,SER,0.377
52,X,67,GLY,0.45
53,X,68,PHE,0.509
54,X,69,ILE,0.651
55,X,70,LYS,0.683
56,X,71,VAL,0.833
57,X,72,LYS,0.885
58,X,73,LYS,0.969
59,X,74,SER,0.954
60,X,75,ASP,0.954
61,X,76,GLU,0.969
62,X,77,TYR,0.895
63,X,78,THR,0.895
64,X,79,PHE,0.794
65,X,80,ALA,0.812
66,X,81,THR,0.778
67,X,82,SER,0.812
68,X,83,ALA,0.794
69,X,84,ASP,0.833
70,X,85,ASN,0.868
71,X,86,HIS,0.794
72,X,87,VAL,0.732
73,X,88,THR,0.706
74,X,89,MET,0.683
75,X,90,TRP,0.683
76,X,91,VAL,0.732
77,X,92,ASP,0.757
78,X,93,ASP,0.757
79,X,94,GLN,0.858
80,X,95,GLU,0.812
81,X,96,VAL,0.812
82,X,97,ILE,0.778
83,X,98,ASN,0.833
84,X,99,LYS,0.858
85,X,100,ALA,0.885
86,X,101,SER,0.913
87,X,102,ASN,0.895
88,X,103,SER,0.925
89,X,104,ASN,0.913
90,X,105,LYS,0.947
91,X,106,ILE,0.885
92,X,107,ARG,0.947
93,X,108,LEU,0.868
94,X,109,GLU,0.938
95,X,110,LYS,0.925
96,X,111,GLY,0.812
97,X,112,ARG,0.812
98,X,113,LEU,0.651
99,X,114,TYR,0.757
100,X,115,GLN,0.572
101,X,116,ILE,0.547
102,X,117,LYS,0.524
103,X,118,ILE,0.547
104,X,119,GLN,0.627
105,X,120,TYR,0.683
106,X,121,GLN,0.732
107,X,122,ARG,0.812
108,X,123,GLU,0.895
109,X,124,ASN,0.925
110,X,125,PRO,0.868
111,X,126,THR,0.938
112,X,127,GLU,0.868
113,X,128,LYS,0.833
114,X,129,GLY,0.706
115,X,130,LEU,0.651
116,X,131,ASP,0.794
117,X,132,PHE,0.651
118,X,133,LYS,0.757
119,X,134,LEU,0.683
120,X,135,TYR,0.833
121,X,136,TRP,0.833
122,X,137,THR,0.938
123,X,138,ASP,0.954
124,X,139,SER,0.988
125,X,140,GLN,0.999
126,X,141,ASN,0.988
127,X,142,LYS,0.954
128,X,143,LYS,0.925
129,X,144,GLU,0.895
130,X,145,VAL,0.794
131,X,146,ILE,0.706
132,X,147,SER,0.732
133,X,148,SER,0.627
134,X,149,ASP,0.706
135,X,150,ASN,0.683
136,X,151,LEU,0.524
137,X,152,GLN,0.426
138,X,153,LEU,0.259
139,X,154,PRO,0.293
140,X,155,GLU,0.325
141,X,156,LEU,0.191
142,X,157,LYS,0.223
143,X,158,GLN,0.293
144,X,175,VAL,0.45
145,X,176,PRO,0.45
146,X,177,ASP,0.293
147,X,178,ARG,0.484
148,X,179,ASP,0.238
149,X,180,ASN,0.259
150,X,181,ASP,0.149
151,X,182,GLY,0.191
152,X,183,ILE,0.17
153,X,184,PRO,0.259
154,X,185,ASP,0.377
155,X,186,SER,0.426
156,X,187,LEU,0.259
157,X,188,GLU,0.214
158,X,189,VAL,0.426
159,X,190,GLU,0.484
160,X,191,GLY,0.293
161,X,192,TYR,0.17
162,X,193,THR,0.238
163,X,194,VAL,0.136
164,X,195,ASP,0.293
165,X,196,VAL,0.259
166,X,197,LYS,0.398
167,X,198,ASN,0.509
168,X,199,LYS,0.398
169,X,200,ARG,0.377
170,X,201,THR,0.191
171,X,202,PHE,0.293
172,X,203,LEU,0.191
173,X,204,SER,0.325
174,X,205,PRO,0.398
175,X,206,TRP,0.426
176,X,207,ILE,0.595
177,X,208,SER,0.651
178,X,209,ASN,0.794
179,X,210,ILE,0.651
180,X,211,HIS,0.484
181,X,212,GLU,0.572
182,X,213,LYS,0.757
183,X,214,LYS,0.547
184,X,215,GLY,0.348
185,X,216,LEU,0.293
186,X,217,THR,0.17
187,X,218,LYS,0.293
188,X,219,TYR,0.108
189,X,220,LYS,0.238
190,X,221,SER,0.17
191,X,222,SER,0.238
192,X,223,PRO,0.325
193,X,224,GLU,0.426
194,X,225,LYS,0.223
195,X,226,TRP,0.136
196,X,227,SER,0.108
197,X,228,THR,0.136
198,X,229,ALA,0.087
199,X,230,SER,0.149
200,X,231,ASP,0.068
201,X,232,PRO,0.087
202,X,233,TYR,0.044
203,X,234,SER,0.077
204,X,235,ASP,0.077
205,X,236,PHE,0.108
206,X,237,GLU,0.077
207,X,238,LYS,0.036
208,X,239,VAL,0.068
209,X,240,THR,0.102
210,X,241,GLY,0.087
211,X,242,ARG,0.12
212,X,243,ILE,0.052
213,X,244,ASP,0.068
214,X,245,LYS,0.108
215,X,246,ASN,0.056
216,X,247,VAL,0.012
217,X,248,SER,0.003
218,X,249,PRO,0.015
219,X,250,GLU,0.006
220,X,251,ALA,0.009
221,X,252,ARG,0.021
222,X,253,HIS,0.044
223,X,254,PRO,0.056
224,X,255,LEU,0.087
225,X,256,VAL,0.021
226,X,257,ALA,0.021
227,X,258,ALA,0.021
228,X,259,TYR,0.036
229,X,260,PRO,0.044
230,X,261,ILE,0.021
231,X,262,VAL,0.068
232,X,263,HIS,0.044
233,X,264,VAL,0.12
234,X,265,ASP,0.087
235,X,266,MET,0.214
236,X,267,GLU,0.214
237,X,268,ASN,0.348
238,X,269,ILE,0.426
239,X,270,ILE,0.627
240,X,271,LEU,0.627
241,X,272,SER,0.812
242,X,273,LYS,0.925
243,X,274,ASN,0.938
244,X,275,GLU,0.978
245,X,288,THR,0.757
246,X,289,ILE,0.595
247,X,290,SER,0.547
248,X,291,LYS,0.398
249,X,292,ASN,0.259
250,X,293,THR,0.17
251,X,294,SER,0.102
252,X,295,THR,0.068
253,X,296,SER,0.052
254,X,297,ARG,0.036
255,X,298,THR,0.087
256,X,299,HIS,0.136
257,X,300,THR,0.259
258,X,301,SER,0.348
259,X,302,GLU,0.524
260,X,303,VAL,0.706
261,X,320,VAL,0.547
262,X,321,SER,0.484
263,X,322,ALA,0.348
264,X,323,GLY,0.293
265,X,324,PHE,0.45
266,X,325,SER,0.259
267,X,326,ASN,0.191
268,X,327,SER,0.191
269,X,328,ASN,0.108
270,X,329,SER,0.12
271,X,330,SER,0.108
272,X,331,THR,0.12
273,X,332,VAL,0.149
274,X,333,ALA,0.149
275,X,334,ILE,0.259
276,X,335,ASP,0.259
277,X,336,HIS,0.293
278,X,337,SER,0.377
279,X,338,LEU,0.524
280,X,339,SER,0.572
281,X,340,LEU,0.732
282,X,341,ALA,0.732
283,X,342,GLY,0.757
284,X,343,GLU,0.627
285,X,344,ARG,0.757
286,X,345,THR,0.683
287,X,346,TRP,0.547
288,X,347,ALA,0.794
289,X,348,GLU,0.833
290,X,349,THR,0.778
291,X,350,MET,0.812
292,X,351,GLY,0.925
293,X,352,LEU,0.885
294,X,353,ASN,0.954
295,X,354,THR,0.954
296,X,355,ALA,0.978
297,X,356,ASP,0.947
298,X,357,THR,0.913
299,X,358,ALA,0.812
300,X,359,ARG,0.812
301,X,360,LEU,0.572
302,X,361,ASN,0.595
303,X,362,ALA,0.426
304,X,363,ASN,0.377
305,X,364,ILE,0.238
306,X,365,ARG,0.17
307,X,366,TYR,0.17
308,X,367,VAL,0.041
309,X,368,ASN,0.015
310,X,369,THR,0.003
311,X,370,GLY,0
312,X,371,THR,0.001
313,X,372,ALA,0.021
314,X,373,PRO,0.056
315,X,374,ILE,0.12
316,X,375,TYR,0.191
317,X,376,ASN,0.398
318,X,377,VAL,0.348
319,X,378,LEU,0.259
320,X,379,PRO,0.223
321,X,380,THR,0.426
322,X,381,THR,0.348
323,X,382,SER,0.45
324,X,383,LEU,0.426
325,X,384,VAL,0.45
326,X,385,LEU,0.524
327,X,386,GLY,0.509
328,X,387,LYS,0.595
329,X,388,ASN,0.706
330,X,389,GLN,0.706
331,X,390,THR,0.651
332,X,391,LEU,0.651
333,X,392,ALA,0.595
334,X,393,THR,0.627
335,X,394,ILE,0.45
336,X,395,LYS,0.595
337,X,396,ALA,0.524
338,X,397,LYS,0.732
339,X,398,GLU,0.595
340,X,399,ASN,0.595
341,X,400,GLN,0.706
342,X,401,LEU,0.398
343,X,402,SER,0.484
344,X,403,GLN,0.259
345,X,404,ILE,0.149
346,X,405,LEU,0.087
347,X,406,ALA,0.044
348,X,407,PRO,0.012
349,X,408,ASN,0.015
350,X,409,ASN,0.056
351,X,410,TYR,0.077
352,X,411,TYR,0.238
353,X,412,PRO,0.259
354,X,413,SER,0.238
355,X,414,LYS,0.191
356,X,415,ASN,0.426
357,X,416,LEU,0.45
358,X,417,ALA,0.484
359,X,418,PRO,0.398
360,X,419,ILE,0.398
361,X,420,ALA,0.547
362,X,421,LEU,0.524
363,X,422,ASN,0.757
364,X,423,ALA,0.794
365,X,424,GLN,0.885
366,X,425,ASP,0.938
367,X,426,ASP,0.895
368,X,427,PHE,0.978
369,X,428,SER,0.947
370,X,429,SER,0.868
371,X,430,THR,0.833
372,X,431,PRO,0.868
373,X,432,ILE,0.706
374,X,433,THR,0.833
375,X,434,MET,0.732
376,X,435,ASN,0.868
377,X,436,TYR,0.868
378,X,437,ASN,0.868
379,X,438,GLN,0.757
380,X,439,PHE,0.683
381,X,440,LEU,0.706
382,X,441,GLU,0.595
383,X,442,LEU,0.484
384,X,443,GLU,0.547
385,X,444,LYS,0.524
386,X,445,THR,0.398
387,X,446,LYS,0.325
388,X,447,GLN,0.238
389,X,448,LEU,0.293
390,X,449,ARG,0.293
391,X,450,LEU,0.214
392,X,451,ASP,0.293
393,X,452,THR,0.191
394,X,453,ASP,0.293
395,X,454,GLN,0.191
396,X,455,VAL,0.325
397,X,456,TYR,0.136
398,X,457,GLY,0.259
399,X,458,ASN,0.325
400,X,459,ILE,0.17
401,X,460,ALA,0.136
402,X,461,THR,0.17
403,X,462,TYR,0.149
404,X,463,ASN,0.325
405,X,464,PHE,0.223
406,X,465,GLU,0.484
407,X,466,ASN,0.426
408,X,467,GLY,0.259
409,X,468,ARG,0.398
410,X,469,VAL,0.191
411,X,470,ARG,0.377
412,X,471,VAL,0.348
413,X,472,ASP,0.377
414,X,473,THR,0.524
415,X,474,GLY,0.45
416,X,475,SER,0.293
417,X,476,ASN,0.348
418,X,477,TRP,0.12
419,X,478,SER,0.348
420,X,479,GLU,0.398
421,X,480,VAL,0.17
422,X,481,LEU,0.149
423,X,482,PRO,0.325
424,X,483,GLN,0.293
425,X,484,ILE,0.108
426,X,485,GLN,0.223
427,X,486,GLU,0.426
428,X,487,THR,0.238
429,X,488,THR,0.149
430,X,489,ALA,0.149
431,X,490,ARG,0.12
432,X,491,ILE,0.077
433,X,492,ILE,0.068
434,X,493,PHE,0.052
435,X,494,ASN,0.056
436,X,495,GLY,0.056
437,X,496,LYS,0.031
438,X,497,ASP,0.041
439,X,498,LEU,0.056
440,X,499,ASN,0.015
441,X,500,LEU,0.031
442,X,501,VAL,0.009
443,X,502,GLU,0.031
444,X,503,ARG,0.006
445,X,504,ARG,0.077
446,X,505,ILE,0.087
447,X,506,ALA,0.136
448,X,507,ALA,0.293
449,X,508,VAL,0.45
450,X,509,ASN,0.595
451,X,510,PRO,0.732
452,X,511,SER,0.812
453,X,512,ASP,0.683
454,X,513,PRO,0.794
455,X,514,LEU,0.651
456,X,515,GLU,0.484
457,X,516,THR,0.651
458,X,517,THR,0.45
459,X,518,LYS,0.325
460,X,519,PRO,0.259
461,X,520,ASP,0.45
462,X,521,MET,0.238
463,X,522,THR,0.348
464,X,523,LEU,0.293
465,X,524,LYS,0.348
466,X,525,GLU,0.191
467,X,526,ALA,0.102
468,X,527,LEU,0.12
469,X,528,LYS,0.149
470,X,529,ILE,0.056
471,X,530,ALA,0.021
472,X,531,PHE,0.036
473,X,532,GLY,0.087
474,X,533,PHE,0.136
475,X,534,ASN,0.259
476,X,535,GLU,0.45
477,X,536,PRO,0.524
478,X,537,ASN,0.706
479,X,538,GLY,0.651
480,X,539,ASN,0.595
481,X,540,LEU,0.348
482,X,541,GLN,0.293
483,X,542,TYR,0.102
484,X,543,GLN,0.149
485,X,544,GLY,0.377
486,X,545,LYS,0.238
487,X,546,ASP,0.45
488,X,547,ILE,0.348
489,X,548,THR,0.509
490,X,549,GLU,0.377
491,X,550,PHE,0.214
492,X,551,ASP,0.325
493,X,552,PHE,0.348
494,X,553,ASN,0.348
495,X,554,PHE,0.426
496,X,555,ASP,0.509
497,X,556,GLN,0.757
498,X,557,GLN,0.732
499,X,558,THR,0.524
500,X,559,SER,0.683
501,X,560,GLN,0.858
502,X,561,ASN,0.706
503,X,562,ILE,0.651
504,X,563,LYS,0.858
505,X,564,ASN,0.895
506,X,565,GLN,0.757
507,X,566,LEU,0.833
508,X,567,ALA,0.954
509,X,568,GLU,0.954
510,X,569,LEU,0.895
511,X,570,ASN,0.978
512,X,571,ALA,0.895
513,X,572,THR,0.913
514,X,573,ASN,0.778
515,X,574,ILE,0.572
516,X,575,TYR,0.547
517,X,576,THR,0.778
518,X,577,VAL,0.706
519,X,578,LEU,0.45
520,X,579,ASP,0.572
521,X,580,LYS,0.732
522,X,581,ILE,0.547
523,X,582,LYS,0.572
524,X,583,LEU,0.325
525,X,584,ASN,0.484
526,X,585,ALA,0.398
527,X,586,LYS,0.45
528,X,587,MET,0.377
529,X,588,ASN,0.259
530,X,589,ILE,0.191
531,X,590,LEU,0.17
532,X,591,ILE,0.12
533,X,592,ARG,0.191
534,X,593,ASP,0.17
535,X,594,LYS,0.377
536,X,595,ARG,0.238
537,X,596,PHE,0.191
538,X,597,HIS,0.293
539,X,598,TYR,0.17
540,X,599,ASP,0.191
541,X,600,ARG,0.398
542,X,601,ASN,0.149
543,X,602,ASN,0.12
544,X,603,ILE,0.087
545,X,604,ALA,0.108
546,X,605,VAL,0.17
547,X,606,GLY,0.223
548,X,607,ALA,0.348
549,X,608,ASP,0.484
550,X,609,GLU,0.572
551,X,610,SER,0.627
552,X,611,VAL,0.45
553,X,612,VAL,0.426
554,X,613,LYS,0.627
555,X,614,GLU,0.651
556,X,615,ALA,0.484
557,X,616,HIS,0.524
558,X,617,ARG,0.794
559,X,618,GLU,0.732
560,X,619,VAL,0.794
561,X,620,ILE,0.833
562,X,621,ASN,0.885
563,X,622,SER,0.895
564,X,623,SER,0.895
565,X,624,THR,0.913
566,X,625,GLU,0.868
567,X,626,GLY,0.778
568,X,627,LEU,0.706
569,X,628,LEU,0.732
570,X,629,LEU,0.595
571,X,630,ASN,0.572
572,X,631,ILE,0.377
573,X,632,ASP,0.238
574,X,633,LYS,0.136
575,X,634,ASP,0.12
576,X,635,ILE,0.223
577,X,636,ARG,0.214
578,X,637,LYS,0.077
579,X,638,ILE,0.149
580,X,639,LEU,0.223
581,X,640,SER,0.223
582,X,641,GLY,0.325
583,X,642,TYR,0.398
584,X,643,ILE,0.524
585,X,644,VAL,0.651
586,X,645,GLU,0.757
587,X,646,ILE,0.858
588,X,647,GLU,0.895
589,X,648,ASP,0.947
590,X,649,THR,0.987
591,X,650,GLU,0.978
592,X,651,GLY,0.925
593,X,652,LEU,0.925
594,X,653,LYS,0.812
595,X,654,GLU,0.812
596,X,655,VAL,0.683
597,X,656,ILE,0.732
598,X,657,ASN,0.572
599,X,658,ASP,0.627
600,X,659,ARG,0.572
601,X,660,TYR,0.45
602,X,661,ASP,0.484
603,X,662,MET,0.547
604,X,663,LEU,0.398
605,X,664,ASN,0.398
606,X,665,ILE,0.484
607,X,666,SER,0.377
608,X,667,SER,0.45
609,X,668,LEU,0.377
610,X,669,ARG,0.651
611,X,670,GLN,0.595
612,X,671,ASP,0.651
613,X,672,GLY,0.45
614,X,673,LYS,0.627
615,X,674,THR,0.484
616,X,675,PHE,0.627
617,X,676,ILE,0.547
618,X,677,ASP,0.651
619,X,678,PHE,0.732
620,X,679,LYS,0.833
621,X,680,LYS,0.595
622,X,681,TYR,0.595
623,X,682,ASN,0.833
624,X,683,ASP,0.868
625,X,684,LYS,0.833
626,X,685,LEU,0.913
627,X,686,PRO,0.925
628,X,687,LEU,0.885
629,X,688,TYR,0.973
630,X,689,ILE,0.954
631,X,690,SER,0.988
632,X,691,ASN,0.993
633,X,692,PRO,0.996
634,X,693,ASN,0.993
635,X,694,TYR,0.954
636,X,695,LYS,0.913
637,X,696,VAL,0.833
638,X,697,ASN,0.778
639,X,698,VAL,0.627
640,X,699,TYR,0.595
641,X,700,ALA,0.398
642,X,701,VAL,0.325
643,X,702,THR,0.238
644,X,703,LYS,0.149
645,X,704,GLU,0.293
646,X,705,ASN,0.348
647,X,706,THR,0.259
648,X,707,ILE,0.398
649,X,708,ILE,0.348
650,X,709,ASN,0.509
651,X,710,PRO,0.572
652,X,711,SER,0.651
653,X,712,GLU,0.778
654,X,713,ASN,0.794
655,X,714,GLY,0.706
656,X,715,ASP,0.651
657,X,716,THR,0.595
658,X,717,SER,0.595
659,X,718,THR,0.547
660,X,719,ASN,0.651
661,X,720,GLY,0.572
662,X,721,ILE,0.484
663,X,722,LYS,0.509
664,X,723,LYS,0.547
665,X,724,ILE,0.509
666,X,725,LEU,0.683
667,X,726,ILE,0.572
668,X,727,PHE,0.778
669,X,728,SER,0.858
670,X,729,LYS,0.913
671,X,730,LYS,0.969
672,X,731,GLY,0.973
673,X,732,TYR,0.996
674,X,733,GLU,0.973
675,X,734,ILE,0.945
676,X,735,GLY,0.978
